street,node,err
abchurch_lane,n00000,16.33463338203154
abchurch_lane,n00001,0.9346333820315351
abchurch_lane,n00002,0.8653666179684478
abchurch_lane,n00003,2.9653666179684706
abchurch_lane,n00004,18.33463338203154
abchurch_lane,n00005,28.865366617968448
abchurch_lane,n00006,3.065366617968465
abchurch_lane,n00007,4.465366617968471
abchurch_lane,n00008,4.465366617968471
abchurch_yard,n00009,34.500183601793765
abchurch_yard,n00011,48.89981639820621
adams_court,n00012,46.68211790556788
adams_court,n00013,20.617882094432105
adams_court,n00014,5.682117905567907
adams_court,n00015,20.617882094432105
adams_court,n00016,5.682117905567907
alderman_s_walk,n00017,0.9152737433860239
alderman_s_walk,n00018,0.5847262566139761
alderman_s_walk,n00019,0.684726256613942
alderman_s_walk,n00020,0.684726256613942
aldermanbury,n00021,51.46952338715124
aldermanbury,n00022,15.630476612848781
aldermanbury,n00023,13.769523387151224
aldermanbury,n00024,19.63047661284878
aldermanbury,n00025,12.16952338715123
aldermanbury,n00026,19.730476612848776
aldermanbury,n00027,8.069523387151236
aldermanbury,n00028,20.83047661284877
aldermanbury,n00029,12.869523387151219
aldermanbury,n00030,17.730476612848776
aldermanbury,n00031,12.869523387151219
aldermanbury,n00032,17.730476612848776
aldermanbury_square,n00033,83.2960196591543
aldermanbury_square,n00034,78.50398034084571
aldermanbury_square,n00035,1.096019659154308
aldermanbury_square,n00036,12.60398034084568
aldermanbury_square,n00037,12.60398034084568
aldersgate_rotunda,n00038,65.91742020049739
aldersgate_rotunda,n00039,73.08257979950261
aldersgate_rotunda,n00040,44.682579799502605
aldersgate_rotunda,n00041,14.882579799502594
aldersgate_rotunda,n00042,24.417420200497418
aldersgate_rotunda,n00043,61.41742020049742
aldersgate_rotunda,n00044,87.3174202004974
aldersgate_rotunda,n00045,87.3174202004974
aldersgate_street,n00046,9.295784084235777
aldersgate_street,n00047,22.995784084235765
aldersgate_street,n00048,15.504215915764235
aldersgate_street,n00049,7.8957840842358
aldersgate_street,n00050,2.904215915764212
aldersgate_street,n00051,4.204215915764223
aldersgate_street,n00052,7.8957840842358
aldersgate_street,n00053,4.0042159157642345
aldersgate_street,n00054,4.204215915764223
aldersgate_street,n00055,4.0042159157642345
all_hallows_lane,n00056,2.2773312094062703
all_hallows_lane,n00057,0.977331209406259
all_hallows_lane,n00058,0.22266879059372968
all_hallows_lane,n00059,0.7226687905937297
all_hallows_lane,n00060,0.07733120940625327
all_hallows_lane,n00061,1.6226687905937354
all_hallows_lane,n00062,1.6226687905937354
angel_court,n00063,5.341043581823783
angel_court,n00064,5.441043581823806
angel_court,n00065,3.158956418176217
angel_court,n00066,5.058956418176194
angel_court,n00067,5.058956418176194
angel_lane,n00068,0.01639798079582988
angel_lane,n00069,0.01639798079582988
angel_street,n00071,19.840728433602123
angel_street,n00072,7.959271566397888
angel_street,n00073,10.159271566397877
angel_street,n00074,10.159271566397877
arthur_street,n00075,10.467977390247825
arthur_street,n00076,11.032022609752175
arthur_street,n00077,11.032022609752175
austin_friars,n00078,25.19528732701184
austin_friars,n00079,44.29528732701186
austin_friars,n00080,38.395287327011886
austin_friars,n00081,51.49528732701185
austin_friars,n00082,22.80471267298816
austin_friars,n00083,51.49528732701185
austin_friars,n00084,35.50471267298815
austin_friars,n00085,36.30471267298816
austin_friars,n00086,75.79528732701186
austin_friars,n00087,65.19528732701187
bakers_hall_court,n00089,8.430759524256104
bakers_hall_court,n00090,59.030759524256155
bakers_hall_court,n00091,50.16924047574386
bakers_hall_court,n00092,50.16924047574386
bankside,n00093,1.1632860201819426
bankside,n00095,0.9367139798180233
bankside,n00096,0.8632860201819312
bankside,n00097,1.6632860201819426
bankside,n00098,1.6632860201819426
bartholomew_lane,n00099,0.7200409827993326
bartholomew_lane,n00100,1.3200409827993553
bartholomew_lane,n00101,0.2799590172006674
bartholomew_lane,n00102,2.6799590172006447
bartholomew_lane,n00103,2.6799590172006447
basinghall_avenue,n00104,33.773769382614944
basinghall_avenue,n00105,5.0262306173850675
basinghall_avenue,n00106,5.126230617385033
basinghall_avenue,n00107,0.07376938261495525
basinghall_avenue,n00108,0.8737693826149666
basinghall_avenue,n00109,8.626230617385033
basinghall_avenue,n00110,8.626230617385033
basinghall_street,n00111,18.734200256078964
basinghall_street,n00113,30.734200256078964
basinghall_street,n00114,24.134200256078998
basinghall_street,n00115,13.134200256078998
basinghall_street,n00116,6.765799743921036
basinghall_street,n00117,9.665799743921013
basinghall_street,n00118,8.565799743921048
basinghall_street,n00119,6.434200256078952
basinghall_street,n00120,21.434200256078952
basinghall_street,n00121,20.034200256078975
basinghall_street,n00122,58.865799743921
basinghall_street,n00123,53.16579974392101
basinghall_street,n00124,67.16579974392101
basinghall_street,n00125,67.16579974392101
billiter_street,n00130,9.020867216587135
billiter_street,n00131,0.020867216587134862
billiter_street,n00132,5.920867216587112
billiter_street,n00133,1.7791327834128765
billiter_street,n00134,2.3208672165870894
billiter_street,n00135,10.079132783412888
billiter_street,n00136,14.8791327834129
billiter_street,n00137,14.8791327834129
bishopsgate,n00138,15.898666438019461
bishopsgate,n00139,1.4013335619805218
bishopsgate,n00140,1.6013335619805389
bishopsgate,n00141,1.6013335619805389
bishopsgate,n00142,16.098666438019478
bishopsgate,n00143,1.5013335619805162
bishopsgate,n00144,24.501333561980516
bishopsgate,n00145,2.401333561980522
bishopsgate,n00146,18.698666438019472
bishopsgate,n00147,1.5013335619805162
bishopsgate,n00148,24.39866643801946
bishopsgate,n00149,4.701333561980533
bishopsgate,n00150,8.898666438019461
bishopsgate,n00151,4.398666438019461
bishopsgate,n00152,4.398666438019461
bishopsgate,n00153,7.398666438019461
bishopsgate,n00154,7.598666438019478
bishopsgate,n00155,4.398666438019461
bishopsgate,n00156,21.698666438019472
bishopsgate,n00157,1.2013335619805332
bishopsgate,n00158,14.001333561980516
bishopsgate,n00159,3.098666438019478
bishopsgate,n00160,15.401333561980522
bishopsgate,n00161,1.0986664380194782
bishopsgate,n00162,10.301333561980528
bishopsgate,n00163,2.6986664380194725
bishopsgate,n00164,5.8013335619805275
bishopsgate,n00165,1.9986664380194838
bishopsgate,n00166,1.2013335619805332
bishopsgate,n00167,0.49866643801948385
bishopsgate,n00168,0.3013335619805275
bishopsgate,n00169,1.6986664380194725
bishopsgate,n00170,0.3013335619805275
bishopsgate,n00171,6.101333561980539
bishopsgate,n00173,5.798666438019467
bishopsgate_arcade,n00174,19.08771648348761
bishopsgate_arcade,n00176,36.51228351651241
bishopsgate_arcade,n00177,36.51228351651241
bishopsgate_churchyard,n00178,12.187085988830745
bishopsgate_churchyard,n00179,3.6129140111692664
bishopsgate_churchyard,n00180,2.212914011169289
bishopsgate_churchyard,n00181,2.0129140111693005
bishopsgate_churchyard,n00182,24.71291401116929
bishopsgate_churchyard,n00184,35.9870859888307
blomfield_street,n00185,16.984019206659582
blomfield_street,n00186,10.18401920665957
blomfield_street,n00187,3.115980793340441
blomfield_street,n00188,2.715980793340435
blomfield_street,n00189,2.715980793340435
blomfield_street,n00190,2.415980793340424
blomfield_street,n00191,14.81598079334043
blomfield_street,n00192,5.1840192066595705
blomfield_street,n00193,5.1840192066595705
bloomberg_arcade,n00194,4.961465389429748
bloomberg_arcade,n00195,0.23853461057024106
bloomberg_arcade,n00196,2.138534610570275
bloomberg_arcade,n00197,0.23853461057024106
bloomberg_arcade,n00198,2.138534610570275
bond_court,n00199,0.15975279918026786
bond_court,n00201,0.15975279918026786
botolph_alley,n00203,0.05397592591918965
botolph_alley,n00204,0.05397592591918965
botolph_lane,n00205,6.328740058202044
botolph_lane,n00206,1.2712599417979504
botolph_lane,n00207,1.2712599417979504
botolph_lane,n00208,1.2712599417979504
botolph_lane,n00209,0.37125994179794475
botolph_lane,n00210,0.37125994179794475
bow_churchyard,n00211,39.41880635554065
bow_churchyard,n00212,3.418806355540653
bow_churchyard,n00213,38.281193644459336
bow_churchyard,n00214,38.281193644459336
bow_lane,n00215,6.051265691745584
bow_lane,n00216,19.348734308254393
bow_lane,n00217,1.95126569174559
bow_lane,n00220,4.851265691745596
bow_lane,n00221,8.95126569174559
bow_lane,n00222,5.95126569174559
bow_lane,n00223,5.95126569174559
bread_street,n00224,34.296179114681706
bread_street,n00225,12.896179114681672
bread_street,n00226,2.403820885318339
bread_street,n00227,1.4038208853183392
bread_street,n00228,2.403820885318339
bread_street,n00229,0.6038208853183278
bread_street,n00231,0.40382088531833915
bread_street,n00232,0.5038208853183335
bread_street,n00233,0.6038208853183278
bread_street,n00234,0.6038208853183278
bread_street,n00235,0.6038208853183278
broad_street_avenue,n00238,0.04939248799718143
broad_street_avenue,n00239,84.55060751200278
broken_wharf,n00242,0.04787902196341065
broken_wharf,n00243,0.04787902196341065
brown_s_buildings,n00245,0.028215314621263587
brown_s_buildings,n00246,0.028215314621263587
brown_s_buildings,n00247,0.028215314621263587
bucklersbury,n00248,12.492992380480018
bucklersbury,n00249,6.20700761951997
bucklersbury,n00250,6.20700761951997
bull_s_head_passage,n00252,0.02923568575687341
bull_s_head_passage,n00253,0.02923568575687341
bury_court,n00254,3.9047567941840953
bury_court,n00256,5.495243205815939
bush_lane,n00257,68.09897850543581
bush_lane,n00258,10.10102149456418
bush_lane,n00259,10.90102149456419
bush_lane,n00260,5.201021494564202
bush_lane,n00261,0.6989785054358038
bush_lane,n00262,0.6989785054358038
byward_street,n00263,14.952614142515102
byward_street,n00264,10.552614142515097
byward_street,n00265,8.15261414251512
byward_street,n00267,1.8526141425151081
byward_street,n00268,14.447385857484903
byward_street,n00269,6.5473858574848975
byward_street,n00271,9.947385857484903
byward_street,n00272,8.747385857484886
byward_street,n00273,13.247385857484886
byward_street,n00275,24.552614142515097
byward_street,n00277,24.552614142515097
byward_street,n00278,10.34738585748488
camomile_street,n00279,8.285251433868382
camomile_street,n00280,12.214748566131618
camomile_street,n00281,6.085251433868393
camomile_street,n00282,10.814748566131584
camomile_street,n00283,5.585251433868393
camomile_street,n00284,10.814748566131584
camomile_street,n00285,1.5147485661315727
camomile_street,n00286,9.714748566131618
camomile_street,n00287,11.414748566131607
camomile_street,n00288,11.114748566131595
camomile_street,n00289,11.114748566131595
cannon_street,n00290,5.424603736642382
cannon_street,n00292,19.224603736642393
cannon_street,n00294,4.724603736642393
cannon_street,n00295,9.975396263357595
cannon_street,n00297,7.575396263357618
cannon_street,n00298,1.424603736642382
cannon_street,n00299,4.275396263357607
cannon_street,n00301,0.575396263357618
cannon_street,n00302,7.875396263357629
cannon_street,n00303,0.7753962633576066
cannon_street,n00305,0.6753962633576407
cannon_street,n00306,6.675396263357641
cannon_street,n00307,3.975396263357595
cannon_street,n00308,0.3246037366423593
cannon_street,n00310,1.2753962633576066
cannon_street,n00311,5.075396263357618
cannon_street,n00313,1.4753962633575952
cannon_street,n00314,1.2753962633576066
cannon_street,n00315,1.7246037366423934
cannon_street,n00316,1.0246037366424048
cannon_street,n00317,4.724603736642393
cannon_street,n00318,1.7246037366423934
cannon_street,n00320,0.6753962633576407
cannon_street,n00321,2.424603736642382
cannon_street,n00322,3.3753962633576293
cannon_street,n00323,0.4753962633575952
cannon_street,n00324,0.3246037366423593
cannon_street,n00325,7.475396263357595
cannon_street,n00327,1.2753962633576066
cannon_street,n00328,19.524603736642405
cannon_street,n00329,0.22460373664239341
cannon_street,n00330,3.7753962633576066
cannon_street,n00332,1.7246037366423934
cannon_street,n00333,3.975396263357595
cannon_street,n00334,14.475396263357595
cannon_street,n00335,14.524603736642405
cannon_street,n00336,14.575396263357618
cannon_street,n00337,0.024603736642404783
cannon_street,n00338,0.024603736642404783
carey_lane,n00340,0.7798801818534002
carey_lane,n00341,0.620119818146577
carey_lane,n00342,0.620119818146577
castle_baynard_street,n00347,0.8882200548919741
castle_baynard_street,n00348,1.48822005489194
castle_baynard_street,n00349,13.388220054891974
castle_baynard_street,n00350,14.411779945108037
castle_baynard_street,n00351,2.01177994510806
castle_baynard_street,n00352,2.01177994510806
cavendish_court,n00353,13.208489205652455
cavendish_court,n00354,11.69151079434755
cavendish_court,n00355,11.69151079434755
change_alley,n00356,0.012164366375543523
change_alley,n00357,0.012164366375543523
cheapside,n00358,5.611444256684081
cheapside,n00359,37.588555743315965
cheapside,n00360,5.811444256684069
cheapside,n00361,41.088555743315965
cheapside,n00362,5.911444256684035
cheapside,n00363,52.88855574331592
cheapside,n00364,0.5885557433159647
cheapside,n00365,70.38855574331592
cheapside,n00366,10.411444256684035
cheapside,n00367,70.38855574331592
cheapside,n00368,5.611444256684081
cheapside,n00369,6.011444256684058
cheapside,n00370,1.3114442566840694
cheapside,n00371,4.211444256684047
cheapside,n00372,4.311444256684069
cheapside,n00373,6.011444256684058
cheapside,n00374,1.1114442566840808
cheapside,n00375,4.411444256684035
cheapside,n00376,3.3114442566840694
cheapside,n00377,3.9114442566840353
cheapside,n00378,5.411444256684035
cheapside,n00379,1.9114442566840353
cheapside,n00380,3.4114442566840353
cheapside,n00381,1.1885557433159306
cheapside,n00382,9.788555743315953
cheapside,n00383,27.68855574331593
cheapside,n00384,2.3885557433159192
cheapside,n00385,27.488555743315942
cheapside,n00386,18.988555743315942
cheapside,n00387,18.988555743315942
circus_place,n00388,2.296165223294622
circus_place,n00389,1.5038347767053892
circus_place,n00390,1.403834776705395
circus_place,n00391,1.5038347767053892
circus_place,n00392,1.403834776705395
clements_lane,n00393,18.782410786772147
clements_lane,n00394,0.9175892132278705
clements_lane,n00395,3.4175892132278705
clements_lane,n00396,1.7175892132278534
clements_lane,n00397,1.117589213227859
clements_lane,n00398,0.6824107867721523
clements_lane,n00399,0.6824107867721523
clerks_place,n00401,14.332006354916246
clerks_place,n00402,22.367993645083743
clerks_place,n00403,0.8320063549162455
clerks_place,n00404,5.532006354916234
clerks_place,n00405,8.632006354916257
clerks_place,n00406,8.632006354916257
cloak_lane,n00407,2.4664580618849072
cloak_lane,n00408,0.8664580618849413
cloak_lane,n00409,0.7664580618849186
cloak_lane,n00410,0.8664580618849413
cloak_lane,n00411,0.13354193811505866
cloak_lane,n00412,2.7335419381150814
cloak_lane,n00413,2.8335419381150473
cloak_lane,n00414,2.8335419381150473
coleman_street,n00415,5.895507389092614
coleman_street,n00416,8.595507389092603
coleman_street,n00417,20.79550738909262
coleman_street,n00418,5.70449261090738
coleman_street,n00419,5.29550738909262
coleman_street,n00420,2.4955073890926087
coleman_street,n00421,1.6955073890926258
coleman_street,n00422,5.304492610907374
coleman_street,n00423,9.404492610907397
coleman_street,n00424,10.104492610907386
coleman_street,n00425,5.904492610907397
coleman_street,n00426,0.09550738909260303
coleman_street,n00427,2.3955073890926144
coleman_street,n00428,2.3955073890926144
college_hill,n00429,57.69421126976249
college_hill,n00430,3.8057887302375093
college_hill,n00431,12.60578873023752
college_hill,n00433,0.794211269762485
college_hill,n00434,0.794211269762485
college_street,n00435,19.893373173569955
college_street,n00436,8.693373173569967
college_street,n00437,4.593373173569944
college_street,n00438,15.306626826430033
college_street,n00439,20.006626826430022
college_street,n00441,0.39337317356995527
copthall_avenue,n00442,78.12332925115555
copthall_avenue,n00443,75.82332925115554
copthall_avenue,n00444,73.72332925115552
copthall_avenue,n00445,71.92332925115551
copthall_avenue,n00446,32.12332925115555
copthall_avenue,n00447,16.97667074884447
copthall_avenue,n00448,33.47667074884447
copthall_avenue,n00449,29.376670748844447
copthall_avenue,n00450,23.27667074884448
copthall_avenue,n00451,19.77667074884448
copthall_avenue,n00452,21.076670748844492
copthall_avenue,n00453,21.676670748844458
copthall_avenue,n00454,21.676670748844458
cornhill,n00455,5.773128169130871
cornhill,n00456,9.773128169130871
cornhill,n00457,6.4731281691308595
cornhill,n00458,5.4731281691308595
cornhill,n00459,0.8268718308691234
cornhill,n00460,4.126871830869106
cornhill,n00461,3.1268718308691064
cornhill,n00462,2.226871830869129
cornhill,n00463,1.8731281691308936
cornhill,n00464,0.8268718308691234
cornhill,n00465,0.42687183086911773
cornhill,n00466,2.0268718308691405
cornhill,n00467,4.726871830869129
cornhill,n00468,8.97312816913086
cornhill,n00470,13.826871830869123
cousin_lane,n00472,0.5731111351783511
cousin_lane,n00473,0.27311113517836816
cousin_lane,n00474,0.4268888648216489
cousin_lane,n00475,0.4268888648216489
cousin_lane,n00476,0.4268888648216489
cross_lane,n00477,0.03417383837046373
cross_lane,n00478,0.03417383837046373
cullum_street,n00479,48.66968005618776
cullum_street,n00480,32.83031994381224
cullum_street,n00481,48.66968005618776
cullum_street,n00482,38.730319943812276
cullum_street,n00483,8.269680056187724
custom_house_walkway,n00485,0.06883315479092289
custom_house_walkway,n00486,15.231166845209088
custom_house_walkway,n00488,9.9688331547909
devonshire_row,n00495,0.5845374018885536
devonshire_row,n00496,1.4154625981114464
devonshire_row,n00497,0.7154625981114577
distaff_lane,n00500,19.65449821047656
distaff_lane,n00501,26.65449821047656
distaff_lane,n00502,28.554498210476567
distaff_lane,n00503,31.65449821047656
distaff_lane,n00504,30.84550178952344
distaff_lane,n00505,57.145501789523436
distaff_lane,n00506,57.04550178952343
distaff_lane,n00507,57.04550178952343
dowgate_hill,n00509,1.0642430239181806
dowgate_hill,n00510,0.16424302391820333
dowgate_hill,n00511,0.16424302391820333
dowgate_hill,n00512,4.335756976081797
dowgate_hill,n00513,6.164243023918203
dowgate_hill,n00514,6.164243023918203
dunster_court,n00515,90.0
dunster_court,n00517,90.0
eastcheap,n00521,2.9514321919806434
eastcheap,n00522,16.648567808019322
eastcheap,n00523,7.848567808019368
eastcheap,n00524,0.9485678080193338
eastcheap,n00525,8.748567808019345
eastcheap,n00526,3.3514321919806775
eastcheap,n00527,8.748567808019345
eastcheap,n00528,0.2485678080193452
eastcheap,n00529,3.248567808019345
eastcheap,n00530,0.7485678080193452
eastcheap,n00531,4.651432191980632
eastcheap,n00532,8.551432191980666
eastcheap,n00533,4.548567808019357
eastcheap,n00534,23.35143219198065
eastcheap,n00535,7.348567808019368
eastcheap,n00536,7.348567808019368
eldon_street,n00537,33.82166084222547
eldon_street,n00538,12.278339157774553
eldon_street,n00539,13.67833915777453
eldon_street,n00540,13.67833915777453
fen_court,n00542,29.643997809566883
fen_court,n00545,7.156002190433128
fenchurch_avenue,n00546,7.58734254869222
fenchurch_avenue,n00547,10.487342548692254
fenchurch_avenue,n00548,3.7873425486922656
fenchurch_avenue,n00549,0.6126574513077685
fenchurch_avenue,n00550,11.41265745130778
fenchurch_avenue,n00551,12.012657451307746
fenchurch_avenue,n00552,12.012657451307746
fenchurch_street,n00554,1.6358436556870402
fenchurch_street,n00555,27.735843655687006
fenchurch_street,n00556,20.035843655687017
fenchurch_street,n00557,19.33584365568703
fenchurch_street,n00558,15.535843655687017
fenchurch_street,n00559,15.13584365568704
fenchurch_street,n00560,11.235843655687006
fenchurch_street,n00561,5.435843655687023
fenchurch_street,n00562,0.4358436556870231
fenchurch_street,n00563,5.964156344312983
fenchurch_street,n00564,12.064156344312977
fenchurch_street,n00565,13.064156344312977
fenchurch_street,n00566,14.664156344312971
fenchurch_street,n00568,19.464156344312983
fenchurch_street,n00569,21.16415634431297
fenchurch_street,n00570,19.764156344312994
fenchurch_street,n00571,19.764156344312994
finch_lane,n00572,7.886619436781359
finch_lane,n00573,10.213380563218635
finch_lane,n00575,3.213380563218635
finch_lane,n00576,3.213380563218635
finsbury_circus,n00577,1.0830534908291725
finsbury_circus,n00578,22.01694650917085
finsbury_circus,n00579,9.316946509170805
finsbury_circus,n00580,20.816946509170833
finsbury_circus,n00581,10.583053490829172
finsbury_circus,n00582,36.01694650917085
finsbury_circus,n00583,10.583053490829172
finsbury_circus,n00584,63.61694650917083
finsbury_circus,n00585,86.01694650917082
finsbury_circus,n00586,65.28305349082916
finsbury_circus,n00587,36.183053490829195
finsbury_circus,n00588,19.083053490829172
finsbury_circus,n00589,4.983053490829207
finsbury_circus,n00590,8.616946509170816
finsbury_circus,n00591,22.816946509170805
finsbury_circus,n00592,40.116946509170816
finsbury_circus,n00593,69.71694650917081
finsbury_circus,n00594,85.58305349082917
finsbury_circus,n00595,55.183053490829195
finsbury_circus,n00596,31.78305349082916
finsbury_circus,n00597,16.78305349082916
finsbury_circus,n00598,16.78305349082916
fish_street_hill,n00599,9.520687182534118
fish_street_hill,n00600,2.620687182534141
fish_street_hill,n00601,6.579312817465876
fish_street_hill,n00602,6.579312817465876
fisherman_s_hall_wharf,n00604,24.824520408245746
fisherman_s_hall_wharf,n00605,13.124520408245786
fisherman_s_hall_wharf,n00606,11.72452040824578
fisherman_s_hall_wharf,n00607,14.975479591754265
fisherman_s_hall_wharf,n00608,8.675479591754254
fisherman_s_hall_wharf,n00609,8.675479591754254
fore_street,n00610,0.6899819866452503
fore_street,n00611,0.010018013354738287
fore_street,n00612,0.41001801335471555
fore_street,n00613,1.5100180133547383
fore_street,n00614,1.0899819866452845
fore_street,n00615,1.1899819866452503
fore_street,n00616,0.6100180133547042
fore_street,n00617,0.5100180133547383
fore_street,n00618,0.5100180133547383
fore_street_avenue,n00619,47.519879253280806
fore_street_avenue,n00620,40.719879253280794
fore_street_avenue,n00621,36.58012074671922
fore_street_avenue,n00622,43.780120746719206
fore_street_avenue,n00623,43.780120746719206
foster_lane,n00624,5.042223746751489
foster_lane,n00625,2.6577762532484996
foster_lane,n00626,5.957776253248511
foster_lane,n00627,5.057776253248505
foster_lane,n00628,5.257776253248494
foster_lane,n00629,7.542223746751489
foster_lane,n00630,8.142223746751483
foster_lane,n00631,8.042223746751489
foster_lane,n00632,8.042223746751489
frederick_s_place,n00633,0.5094115407346749
frederick_s_place,n00634,0.590588459265291
frederick_s_place,n00635,0.590588459265291
friday_street,n00636,7.09473294147935
friday_street,n00637,0.5052670585206442
friday_street,n00638,4.505267058520644
friday_street,n00639,0.6947329414793728
friday_street,n00640,0.6947329414793728
fyefoot_lane,n00641,0.09112908817701282
fyefoot_lane,n00642,0.008870911822981498
fyefoot_lane,n00643,0.008870911822981498
gardner_s_lane,n00644,0.1785379837611174
gardner_s_lane,n00645,20.22146201623886
garlick_hill,n00647,1.9372796530586243
garlick_hill,n00648,2.137279653058613
garlick_hill,n00650,6.737279653058636
garlick_hill,n00651,9.862720346941387
garlick_hill,n00652,3.637279653058613
garlick_hill,n00653,3.637279653058613
george_yard,n00654,0.6738000085011606
george_yard,n00655,0.4261999914988337
george_yard,n00656,0.4261999914988337
globe_view_walkway,n00658,42.78780707512044
globe_view_walkway,n00659,30.087807075120423
globe_view_walkway,n00660,45.41219292487955
globe_view_walkway,n00661,5.887807075120435
globe_view_walkway,n00662,17.78780707512044
globe_view_walkway,n00663,17.78780707512044
goldsmith_street,n00664,3.1452932163469995
goldsmith_street,n00665,4.154706783653012
goldsmith_street,n00666,4.154706783653012
gophir_lane,n00667,0.1267722116567711
gophir_lane,n00668,0.1267722116567711
gracechurch_street,n00669,62.35653678403011
gracechurch_street,n00670,59.55653678403013
gracechurch_street,n00671,33.656536784030095
gracechurch_street,n00672,42.656536784030095
gracechurch_street,n00673,25.05653678403013
gracechurch_street,n00674,24.256536784030118
gracechurch_street,n00675,25.05653678403013
gracechurch_street,n00676,38.9434632159699
gracechurch_street,n00677,28.743463215969882
gracechurch_street,n00678,12.743463215969882
gracechurch_street,n00679,0.05653678403010076
gracechurch_street,n00680,14.143463215969888
gracechurch_street,n00681,5.8434632159698765
gracechurch_street,n00682,12.543463215969894
gracechurch_street,n00683,2.143463215969888
gracechurch_street,n00684,4.4565367840301064
gracechurch_street,n00685,2.4434632159698992
gracechurch_street,n00686,2.9434632159698992
gracechurch_street,n00687,1.8434632159698765
gracechurch_street,n00688,3.9434632159698992
gracechurch_street,n00689,6.643463215969888
gracechurch_street,n00690,6.943463215969899
gracechurch_street,n00691,10.643463215969888
gracechurch_street,n00692,10.643463215969888
great_bell_alley,n00693,0.12146230892511767
great_bell_alley,n00694,0.12146230892511767
great_st_helens,n00695,2.5203541749063447
great_st_helens,n00696,2.579645825093678
great_st_helens,n00697,1.3203541749062992
great_st_helens,n00698,1.3203541749062992
great_st_thomas_apostle,n00699,0.013691381504884248
great_st_thomas_apostle,n00700,0.08630861849513849
great_st_thomas_apostle,n00701,0.08630861849513849
great_st_thomas_apostle,n00702,0.08630861849513849
great_swan_alley,n00703,11.248533801502106
great_swan_alley,n00704,3.7514661984978943
great_swan_alley,n00705,11.248533801502106
great_swan_alley,n00706,0.5485338015021171
great_swan_alley,n00707,27.451466198497883
great_swan_alley,n00708,9.548533801502117
great_swan_alley,n00709,1.7485338015021057
great_swan_alley,n00710,1.7485338015021057
great_tower_street,n00711,13.67590215472859
great_tower_street,n00712,10.82409784527141
great_tower_street,n00713,0.3240978452714103
great_tower_street,n00714,4.924097845271376
great_tower_street,n00715,1.7759021547286125
great_tower_street,n00716,4.975902154728601
great_tower_street,n00718,10.224097845271388
great_trinity_lane,n00721,0.7263830323221896
great_trinity_lane,n00722,0.8736169676777763
great_trinity_lane,n00723,0.8736169676777763
great_winchester_street,n00724,6.1966119625748775
great_winchester_street,n00725,9.996611962574889
great_winchester_street,n00726,12.2966119625749
great_winchester_street,n00727,10.196611962574877
great_winchester_street,n00728,17.49661196257489
great_winchester_street,n00729,2.996611962574889
great_winchester_street,n00730,59.103388037425134
great_winchester_street,n00731,76.50338803742511
great_winchester_street,n00732,76.50338803742511
gresham_street,n00733,2.7131179537023513
gresham_street,n00734,12.41311795370234
gresham_street,n00735,8.91311795370234
gresham_street,n00736,11.013117953702363
gresham_street,n00737,10.513117953702363
gresham_street,n00738,5.813117953702374
gresham_street,n00740,5.713117953702351
gresham_street,n00741,0.4868820462976373
gresham_street,n00742,14.386882046297615
gresham_street,n00743,16.986882046297637
gresham_street,n00745,2.3868820462976146
gresham_street,n00746,2.08688204629766
gresham_street,n00747,0.686882046297626
gresham_street,n00748,2.58688204629766
gresham_street,n00749,1.08688204629766
gresham_street,n00750,0.8868820462976146
gresham_street,n00751,0.91311795370234
gresham_street,n00752,1.91311795370234
gresham_street,n00753,12.213117953702351
gresham_street,n00754,26.08688204629766
gresham_street,n00755,13.286882046297649
gresham_street,n00756,6.813117953702374
gresham_street,n00757,6.813117953702374
grocers_hall_court,n00759,0.19005816160355948
grocers_hall_court,n00760,0.19005816160355948
guildhall_buildings,n00761,8.19496039184429
guildhall_buildings,n00762,8.505039608155698
guildhall_buildings,n00763,8.505039608155698
guildhall_yard,n00764,0.07113689744554108
guildhall_yard,n00765,0.07113689744554108
gutter_lane,n00766,13.660684790489341
gutter_lane,n00767,9.560684790489347
gutter_lane,n00768,3.3606847904893584
gutter_lane,n00769,1.4606847904893527
gutter_lane,n00770,1.6393152095106416
gutter_lane,n00771,1.439315209510596
gutter_lane,n00772,15.239315209510664
gutter_lane,n00773,6.139315209510642
gutter_lane,n00774,6.139315209510642
hanseatic_walk,n00775,15.058159054982525
hanseatic_walk,n00777,3.2418409450174863
hanseatic_walk,n00778,5.141840945017464
hanseatic_walk,n00779,5.141840945017464
harp_lane,n00780,0.08800639417631828
harp_lane,n00781,0.08800639417631828
high_timber_street,n00782,2.040232177783537
high_timber_street,n00783,8.959767822216463
high_timber_street,n00784,1.940232177783514
high_timber_street,n00786,3.7402321777835255
high_timber_street,n00787,10.840232177783548
high_timber_street,n00788,10.840232177783548
houndsditch,n00789,19.047797102054062
houndsditch,n00790,0.8477971020540735
houndsditch,n00791,5.552202897945904
houndsditch,n00792,6.752202897945949
houndsditch,n00793,6.752202897945949
huggin_hill,n00794,2.8048845951540784
huggin_hill,n00795,3.004884595154067
huggin_hill,n00796,2.6048845951540898
huggin_hill,n00797,11.49511540484582
huggin_hill,n00798,11.49511540484582
idol_lane,n00799,5.740654402390163
idol_lane,n00800,2.0406544023901745
idol_lane,n00801,4.159345597609814
idol_lane,n00802,7.159345597609814
idol_lane,n00803,7.159345597609814
ironmonger_lane,n00804,18.945934122647117
ironmonger_lane,n00805,4.145934122647134
ironmonger_lane,n00806,0.8459341226471224
ironmonger_lane,n00807,3.1540658773528776
ironmonger_lane,n00808,8.054065877352883
ironmonger_lane,n00809,2.254065877352872
ironmonger_lane,n00810,2.354065877352866
ironmonger_lane,n00811,2.354065877352866
kennett_wharf_lane,n00813,0.03460237950784517
kennett_wharf_lane,n00815,0.03460237950784517
king_s_arms_yard,n00852,9.692506245394043
king_s_arms_yard,n00853,4.507493754605946
king_s_arms_yard,n00854,18.807493754605957
king_s_arms_yard,n00856,2.3074937546059573
king_s_arms_yard,n00857,2.3074937546059573
king_street,n00818,0.6927539913712337
king_street,n00819,2.3072460086287663
king_street,n00821,1.5072460086287833
king_street,n00822,8.292753991371228
king_street,n00823,13.907246008628789
king_street,n00824,13.907246008628789
king_william_street,n00825,32.47955884236012
king_william_street,n00826,31.579558842360143
king_william_street,n00827,32.07955884236014
king_william_street,n00828,31.97955884236012
king_william_street,n00829,31.77955884236013
king_william_street,n00830,32.879558842360154
king_william_street,n00831,33.97955884236012
king_william_street,n00834,35.179558842360166
king_william_street,n00835,20.97955884236012
king_william_street,n00836,46.97955884236012
king_william_street,n00838,54.820441157639834
king_william_street,n00839,0.020441157639879748
king_william_street,n00841,9.720441157639868
king_william_street,n00842,10.120441157639846
king_william_street,n00843,10.720441157639868
king_william_street,n00844,13.620441157639846
king_william_street,n00845,9.920441157639857
king_william_street,n00846,16.02044115763988
king_william_street,n00847,5.720441157639868
king_william_street,n00848,5.02044115763988
king_william_street,n00849,7.620441157639846
king_william_street,n00850,0.47955884236012025
king_william_street,n00851,0.47955884236012025
lambeth_hill,n00858,53.554957260253275
lambeth_hill,n00859,7.145042739746714
lambeth_hill,n00860,10.245042739746737
lambeth_hill,n00861,23.954957260253252
langthorn_court,n00864,90.0
langthorn_court,n00865,90.0
laurence_pountney_hill,n00866,85.63261064233728
laurence_pountney_hill,n00867,58.932610642337295
laurence_pountney_hill,n00868,58.33261064233727
laurence_pountney_hill,n00869,58.33261064233727
laurence_pountney_hill,n00870,16.167389357662728
laurence_pountney_hill,n00871,9.467389357662682
laurence_pountney_hill,n00872,42.767389357662694
laurence_pountney_hill,n00873,42.767389357662694
laurence_pountney_lane,n00874,2.666513811145421
laurence_pountney_lane,n00875,0.8334861888545788
laurence_pountney_lane,n00876,0.7334861888545845
laurence_pountney_lane,n00877,0.06651381114542687
laurence_pountney_lane,n00878,0.13348618885459018
laurence_pountney_lane,n00879,0.13348618885459018
laurence_pountney_lane,n00880,0.13348618885459018
lawrence_lane,n00882,6.709988141864187
lawrence_lane,n00883,1.7900118581358129
lawrence_lane,n00884,5.4900118581358015
lawrence_lane,n00885,5.4900118581358015
leadenhall_market,n00886,9.294106663930563
leadenhall_market,n00888,4.205893336069437
leadenhall_market,n00889,4.205893336069437
leadenhall_market,n00890,4.205893336069437
leadenhall_place,n00891,8.144039022677305
leadenhall_place,n00892,8.355960977322695
leadenhall_place,n00893,8.355960977322695
leadenhall_street,n00894,13.192881126548116
leadenhall_street,n00895,5.192881126548116
leadenhall_street,n00896,8.492881126548127
leadenhall_street,n00897,6.3928811265481045
leadenhall_street,n00898,3.592881126548093
leadenhall_street,n00899,1.0071188734518728
leadenhall_street,n00900,4.1071188734518955
leadenhall_street,n00901,3.1071188734518955
leadenhall_street,n00902,2.407118873451907
leadenhall_street,n00903,11.407118873451907
leadenhall_street,n00905,4.307118873451884
leadenhall_street,n00906,7.492881126548127
leadenhall_street,n00907,17.307118873451884
leadenhall_street,n00908,17.307118873451884
lime_street,n00909,23.652918785270373
lime_street,n00910,18.85291878527036
lime_street,n00911,8.847081214729627
lime_street,n00912,34.84708121472963
lime_street,n00914,25.94708121472962
lime_street,n00916,5.752918785270367
lime_street,n00917,30.94708121472962
lime_street,n00918,13.052918785270379
lime_street,n00919,17.752918785270367
lime_street,n00920,18.652918785270373
lime_street,n00921,20.452918785270356
lime_street,n00922,35.452918785270356
lime_street,n00923,35.452918785270356
lime_street_passage,n00924,21.61985805973319
lime_street_passage,n00927,15.38014194026681
little_britain,n00929,3.9070263044891362
little_britain,n00930,6.907026304489136
little_britain,n00931,1.1070263044891249
little_britain,n00932,9.292973695510852
little_britain,n00933,9.292973695510852
little_college_lane,n00934,0.08499822426244918
little_college_lane,n00935,0.08499822426244918
little_trinity_lane,n00936,65.47285565941826
little_trinity_lane,n00937,56.372855659418235
little_trinity_lane,n00938,9.172855659418246
little_trinity_lane,n00939,37.22714434058173
little_trinity_lane,n00940,38.827144340581754
little_trinity_lane,n00941,38.427144340581776
little_trinity_lane,n00942,38.427144340581776
liverpool_street,n00943,20.67274114138803
liverpool_street,n00944,1.5272588586119582
liverpool_street,n00946,12.272741141388053
liverpool_street,n00947,2.127258858611981
liverpool_street,n00948,4.127258858611981
liverpool_street,n00949,12.127258858611981
liverpool_street,n00951,6.972741141388042
liverpool_street,n00952,13.82725885861197
liverpool_street,n00953,5.82725885861197
liverpool_street,n00954,4.227258858611947
liverpool_street,n00955,4.227258858611947
lombard_court,n00956,0.7915408939925328
lombard_court,n00957,0.30845910600748994
lombard_court,n00958,0.30845910600748994
lombard_street,n00960,11.093052411571307
lombard_street,n00961,8.993052411571341
lombard_street,n00962,0.3930524115713183
lombard_street,n00963,6.106947588428682
lombard_street,n00964,8.406947588428693
lombard_street,n00965,2.906947588428693
lombard_street,n00966,3.3069475884286703
lombard_street,n00967,0.993052411571341
lombard_street,n00968,4.993052411571341
lombard_street,n00969,4.993052411571341
lombard_street,n00970,13.19305241157133
lombard_street,n00971,44.293052411571324
lombard_street,n00972,44.80694758842867
lombard_street,n00973,10.506947588428659
lombard_street,n00974,39.30694758842867
lombard_street,n00975,39.30694758842867
london_wall,n00976,2.6823143688900473
london_wall,n00977,3.782314368890013
london_wall,n00979,7.817685631109953
london_wall,n00980,9.317685631109953
london_wall,n00981,2.0823143688900245
london_wall,n00982,4.882314368890036
london_wall,n00983,6.782314368890013
london_wall,n00984,7.817685631109953
london_wall,n00985,9.217685631109987
london_wall,n00986,4.882314368890036
london_wall,n00987,6.782314368890013
london_wall,n00988,7.5823143688900245
london_wall,n00989,7.817685631109953
london_wall,n00990,9.317685631109953
london_wall,n00991,9.382314368890036
london_wall,n00992,7.982314368890059
london_wall,n00993,5.5823143688900245
london_wall,n00994,7.817685631109953
london_wall,n00995,9.217685631109987
london_wall,n00996,14.682314368890047
london_wall,n00997,13.482314368890059
london_wall,n00998,4.217685631109987
london_wall,n00999,7.817685631109953
london_wall,n01000,8.217685631109987
london_wall,n01001,17.882314368890036
london_wall,n01002,17.98231436889006
london_wall,n01003,7.017685631109941
london_wall,n01004,7.817685631109953
london_wall,n01005,8.017685631109941
london_wall,n01006,14.982314368890059
london_wall,n01007,17.182314368890047
london_wall,n01008,8.017685631109941
london_wall,n01009,8.917685631109975
london_wall,n01010,9.682314368890047
london_wall,n01011,13.817685631109953
london_wall,n01012,17.182314368890047
london_wall,n01013,9.117685631109964
london_wall,n01014,8.917685631109975
london_wall,n01015,9.682314368890047
london_wall,n01016,26.582314368890025
london_wall,n01017,9.117685631109964
london_wall,n01018,1.117685631109964
london_wall,n01019,9.217685631109987
london_wall,n01020,4.182314368890047
london_wall,n01021,9.117685631109964
london_wall,n01022,8.582314368890025
london_wall,n01023,8.417685631109975
london_wall,n01024,2.0823143688900245
london_wall,n01026,7.0823143688900245
london_wall,n01027,9.117685631109964
london_wall,n01028,12.282314368890013
london_wall,n01029,9.017685631109941
london_wall,n01031,9.017685631109941
london_wall,n01032,4.5823143688900245
london_wall,n01033,6.5823143688900245
london_wall,n01034,18.782314368890013
london_wall,n01035,8.882314368890036
london_wall,n01036,11.082314368890025
london_wall,n01037,12.382314368890036
london_wall,n01038,4.282314368890013
london_wall,n01039,4.817685631109953
london_wall,n01040,12.317685631109953
london_wall,n01041,10.217685631109987
london_wall,n01042,9.417685631109975
london_wall,n01043,9.517685631109941
london_wall,n01044,9.617685631109964
london_wall,n01045,9.617685631109964
london_wall,n01046,9.317685631109953
london_wall,n01047,9.217685631109987
london_wall,n01048,8.717685631109987
london_wall,n01049,7.817685631109953
london_wall,n01050,7.817685631109953
london_wall_place,n01051,0.06224170176531629
london_wall_place,n01052,0.06224170176531629
lothbury,n01053,0.777810783191967
lothbury,n01054,1.5221892168080444
lothbury,n01055,5.222189216808033
lothbury,n01056,3.9778107831919556
lothbury,n01057,4.522189216808044
lothbury,n01058,3.9778107831919556
lothbury,n01059,1.0221892168080444
lothbury,n01060,1.722189216808033
lothbury,n01061,1.3778107831919328
lothbury,n01062,4.877810783191933
lothbury,n01063,5.5778107831919215
lothbury,n01064,1.0778107831919215
lothbury,n01065,1.0778107831919215
lovat_lane,n01066,4.243719127928983
lovat_lane,n01067,0.05628087207099952
lovat_lane,n01068,1.143719127928989
lovat_lane,n01070,16.256280872070988
lovat_lane,n01072,2.6562808720710223
love_lane,n01073,5.928321737249064
love_lane,n01074,2.9716782627509133
love_lane,n01075,2.9716782627509133
love_lane,n01076,2.9716782627509133
lower_thames_street,n01077,13.125663977427848
lower_thames_street,n01078,21.62566397742785
lower_thames_street,n01079,11.374336022572152
lower_thames_street,n01080,15.625663977427848
lower_thames_street,n01081,12.725663977427814
lower_thames_street,n01082,5.274336022572186
lower_thames_street,n01083,3.725663977427814
lower_thames_street,n01084,36.225663977427814
lower_thames_street,n01085,2.674336022572163
lower_thames_street,n01086,11.025663977427826
lower_thames_street,n01087,36.225663977427814
lower_thames_street,n01088,0.5743360225721403
lower_thames_street,n01089,16.42566397742786
lower_thames_street,n01090,0.5743360225721403
lower_thames_street,n01091,2.1256639774278483
lower_thames_street,n01092,1.7743360225721858
lower_thames_street,n01093,3.274336022572186
lower_thames_street,n01094,1.7743360225721858
lower_thames_street,n01095,6.025663977427826
lower_thames_street,n01096,0.8743360225721517
lower_thames_street,n01097,2.774336022572186
lower_thames_street,n01098,0.5743360225721403
lower_thames_street,n01099,4.07433602257214
lower_thames_street,n01100,0.9743360225721744
lower_thames_street,n01101,2.4743360225721744
lower_thames_street,n01102,0.9743360225721744
lower_thames_street,n01103,2.8743360225721517
lower_thames_street,n01104,0.9743360225721744
lower_thames_street,n01106,0.9743360225721744
lower_thames_street,n01108,0.8743360225721517
lower_thames_street,n01110,12.974336022572174
lower_thames_street,n01113,1.7743360225721858
lower_thames_street,n01114,2.0256639774278256
lower_thames_street,n01115,1.674336022572163
lower_thames_street,n01117,1.7743360225721858
lower_thames_street,n01118,14.325663977427837
lower_thames_street,n01119,1.2743360225721858
lower_thames_street,n01120,1.4743360225721744
lower_thames_street,n01121,1.674336022572163
lower_thames_street,n01122,1.674336022572163
lower_thames_street,n01123,0.07433602257214034
lower_thames_street,n01124,0.3256639774278369
lower_thames_street,n01125,0.3256639774278369
mansion_house_place,n01126,49.20561424790861
mansion_house_place,n01127,37.60561424790859
mansion_house_place,n01128,34.4056142479086
mansion_house_place,n01129,43.79438575209139
mansion_house_place,n01130,41.0943857520914
mansion_house_place,n01131,33.29438575209139
mansion_house_place,n01132,33.29438575209139
mansion_house_street,n01133,7.560714015187898
mansion_house_street,n01134,9.439285984812102
mansion_house_street,n01135,9.439285984812102
mark_lane,n01136,32.1794817871876
mark_lane,n01137,1.8794817871876148
mark_lane,n01138,1.5794817871876035
mark_lane,n01139,2.379481787187615
mark_lane,n01140,3.279481787187592
mark_lane,n01141,5.279481787187592
mark_lane,n01142,9.97948178718761
mark_lane,n01143,9.020518212812476
mark_lane,n01144,2.620518212812385
mark_lane,n01145,3.479481787187609
mark_lane,n01146,23.120518212812385
mark_lane,n01147,31.82051821281243
mark_lane,n01148,31.82051821281243
martin_lane,n01149,1.1667935572295391
martin_lane,n01150,2.5332064427704495
martin_lane,n01151,2.366793557229528
martin_lane,n01152,1.3667935572295278
martin_lane,n01153,1.3667935572295278
masons_avenue,n01154,2.3770118511843634
masons_avenue,n01155,2.2229881488156025
masons_avenue,n01156,2.2229881488156025
milk_street,n01157,11.817529933582648
milk_street,n01158,12.017529933582665
milk_street,n01159,11.682470066417352
milk_street,n01160,6.682470066417352
milk_street,n01161,5.182470066417352
milk_street,n01162,0.18247006641735197
milk_street,n01163,7.817529933582648
milk_street,n01164,7.817529933582648
mincing_lane,n01165,24.874246681930458
mincing_lane,n01166,6.774246681930464
mincing_lane,n01167,6.1742466819304695
mincing_lane,n01168,5.1742466819304695
mincing_lane,n01169,3.1742466819304695
mincing_lane,n01170,21.825753318069474
mincing_lane,n01172,8.025753318069519
mincing_lane,n01173,37.22575331806951
mincing_lane,n01174,37.22575331806951
monkwell_square,n01175,72.25061768072544
monkwell_square,n01177,7.349382319274582
monkwell_square,n01178,72.25061768072544
monkwell_square,n01180,2.050617680725452
monkwell_square,n01182,3.050617680725452
monkwell_square,n01183,72.25061768072544
monkwell_square,n01184,72.25061768072544
monument_street,n01185,29.53250938290705
monument_street,n01186,5.632509382907074
monument_street,n01187,3.967490617092949
monument_street,n01188,4.467490617092949
monument_street,n01189,5.3325093829070624
monument_street,n01190,25.867490617092926
monument_street,n01191,32.867490617092926
moor_lane,n01193,0.059006480792419325
moor_lane,n01194,0.059006480792419325
moorfields,n01195,11.445045516411454
moorfields,n01196,17.35495448358853
moorfields,n01197,17.35495448358853
moorgate,n01198,19.149335302720573
moorgate,n01199,0.4493353027205558
moorgate,n01200,0.4493353027205558
moorgate,n01201,0.24933530272056714
moorgate,n01202,3.9493353027205558
moorgate,n01203,5.250664697279433
moorgate,n01204,0.15066469727943854
moorgate,n01205,0.3506646972794272
moorgate,n01206,0.15066469727943854
moorgate,n01207,0.050664697279444226
moorgate,n01208,0.3506646972794272
moorgate,n01209,0.8506646972794272
moorgate,n01210,4.95066469727945
moorgate,n01211,11.04933530272055
moorgate,n01212,16.25066469727949
moorgate,n01213,6.04933530272055
moorgate,n01214,5.54933530272055
moorgate,n01215,5.149335302720573
moorgate,n01216,5.149335302720573
moorgate,n01217,4.8493353027205615
new_broad_street,n01219,34.24862556800781
new_broad_street,n01220,31.24862556800781
new_broad_street,n01221,30.54862556800782
new_broad_street,n01222,29.04862556800782
new_broad_street,n01223,27.348625568007833
new_broad_street,n01224,21.348625568007833
new_broad_street,n01225,53.65137443199217
new_broad_street,n01226,76.1486255680078
new_broad_street,n01227,60.15137443199217
new_broad_street,n01228,88.54862556800781
new_broad_street,n01229,79.85137443199216
new_broad_street,n01230,79.85137443199216
new_change,n01231,20.95100826640669
new_change,n01232,17.651008266406677
new_change,n01233,12.551008266406654
new_change,n01234,7.851008266406666
new_change,n01235,4.148991733593334
new_change,n01236,15.348991733593323
new_change,n01237,24.148991733593334
new_change,n01238,17.648991733593334
new_change,n01239,0.8510082664066658
new_street,n01245,5.1196089691552515
new_street,n01246,4.980391030844771
new_street,n01247,4.980391030844771
newgate_street,n01248,0.19469228274925854
newgate_street,n01249,0.19469228274925854
nicholas_lane,n01250,3.7165490027112753
nicholas_lane,n01251,4.483450997288713
nicholas_lane,n01252,34.81654900271127
nicholas_lane,n01253,34.58345099728871
nicholas_lane,n01254,2.0165490027112867
nicholas_lane,n01255,0.2165490027112753
nicholas_lane,n01256,1.7834509972887247
nicholas_lane,n01257,2.883450997288719
nicholas_lane,n01258,2.883450997288719
nicholas_passage,n01259,1.1223871235632714
nicholas_passage,n01260,2.777612876436706
nicholas_passage,n01261,2.777612876436706
noble_street,n01262,1.390796505287966
noble_street,n01263,2.190796505287949
noble_street,n01264,1.9907965052879604
noble_street,n01265,2.190796505287949
noble_street,n01266,0.39079650528796606
noble_street,n01267,1.5907965052879547
noble_street,n01268,6.209203494712057
noble_street,n01269,10.609203494712034
noble_street,n01270,10.609203494712034
oat_lane,n01271,70.67006407972013
oat_lane,n01272,26.129935920279877
oat_lane,n01273,15.529935920279854
oat_lane,n01274,15.529935920279854
old_billingsgate_walk,n01276,0.06665465823311933
old_billingsgate_walk,n01277,1.2666546582331648
old_broad_street,n01281,5.465805295623227
old_broad_street,n01282,10.734194704376762
old_broad_street,n01286,21.465805295623227
old_broad_street,n01287,11.265805295623238
old_broad_street,n01288,0.23419470437676182
old_broad_street,n01289,0.03419470437677319
old_broad_street,n01290,0.5341947043767732
old_broad_street,n01291,0.06580529562322113
old_broad_street,n01292,0.5658052956232211
old_broad_street,n01293,4.234194704376762
old_broad_street,n01294,1.0341947043767732
old_broad_street,n01296,15.834194704376785
old_broad_street,n01297,15.134194704376768
old_broad_street,n01298,15.834194704376785
old_broad_street,n01299,20.43419470437678
old_broad_street,n01300,9.534194704376773
old_broad_street,n01301,9.534194704376773
old_change_court,n01302,8.906574248346374
old_change_court,n01303,8.393425751653638
old_change_court,n01304,4.306574248346351
old_change_court,n01305,4.306574248346351
old_jewry,n01306,5.901743396142962
old_jewry,n01308,13.498256603857044
old_jewry,n01309,3.001743396142956
old_jewry,n01310,1.0982566038570383
old_jewry,n01311,0.501743396142956
old_jewry,n01312,1.6982566038570326
old_jewry,n01313,1.6982566038570326
old_watermen_s_walk,n01315,0.0612460998374047
old_watermen_s_walk,n01316,0.038753900162589616
old_watermen_s_walk,n01317,0.038753900162589616
outwich_street,n01318,25.81169424207644
outwich_street,n01319,20.788305757923553
outwich_street,n01320,20.788305757923553
oystergate_walk,n01321,8.396841879756039
oystergate_walk,n01322,4.30315812024395
oystergate_walk,n01323,1.4031581202439725
oystergate_walk,n01324,1.4031581202439725
pancras_lane,n01326,0.12185824203260154
pancras_lane,n01327,0.17814175796740983
pancras_lane,n01328,0.17814175796740983
panyer_alley,n01330,0.5566378698532617
panyer_alley,n01331,1.0433621301467042
panyer_alley,n01332,1.0433621301467042
paternoster_row,n01333,73.43858827291177
paternoster_row,n01334,31.66141172708825
paternoster_row,n01336,31.66141172708825
paul_s_walk,n01338,1.8527453020061557
paul_s_walk,n01339,1.752745302006133
paul_s_walk,n01340,3.747254697993867
paul_s_walk,n01341,3.747254697993867
philpot_lane,n01342,5.543448067905302
philpot_lane,n01343,4.056551932094692
philpot_lane,n01344,1.1565519320946862
philpot_lane,n01345,2.0434480679053024
plantation_lane,n01348,7.892773903782256
plantation_lane,n01349,1.007226096217721
plantation_lane,n01350,19.00722609621772
plantation_lane,n01352,1.007226096217721
plantation_lane,n01353,1.007226096217721
plough_court,n01354,0.0587767723792183
plough_court,n01355,0.0587767723792183
post_office_court,n01356,0.00022242180065745742
post_office_court,n01357,0.00022242180065745742
poultry,n01358,1.5757575111740607
poultry,n01359,1.7242424888258938
poultry,n01360,6.475757511174095
poultry,n01362,1.2757575111741062
poultry,n01363,1.2757575111741062
princes_street,n01364,20.652602683731175
princes_street,n01365,12.147397316268837
princes_street,n01366,2.1526026837311747
princes_street,n01367,7.747397316268859
princes_street,n01368,0.14739731626883668
princes_street,n01369,3.2473973162688594
princes_street,n01370,3.3526026837311633
princes_street,n01371,33.75260268373114
princes_street,n01372,33.75260268373114
pudding_lane,n01373,3.5669934629410704
pudding_lane,n01374,12.366993462941053
pudding_lane,n01375,5.266993462941059
pudding_lane,n01376,2.733006537058941
pudding_lane,n01377,13.733006537058941
pudding_lane,n01378,15.233006537058941
pudding_lane,n01379,15.233006537058941
queen_street,n01380,0.15135771463852166
queen_street,n01381,9.048642285361495
queen_street,n01382,1.751357714638516
queen_street,n01383,2.948642285361501
queen_street,n01384,1.551357714638499
queen_street,n01385,5.14864228536149
queen_street,n01386,1.551357714638499
queen_street,n01387,3.448642285361501
queen_street,n01388,3.3486422853614783
queen_street,n01389,2.8486422853614783
queen_street,n01390,2.8486422853614783
queen_street_place,n01391,3.469051303677162
queen_street_place,n01392,8.83094869632285
queen_street_place,n01393,2.1690513036771506
queen_street_place,n01394,8.83094869632285
queen_street_place,n01395,1.6309486963228608
queen_street_place,n01396,1.730948696322855
queen_street_place,n01397,7.969051303677162
queen_street_place,n01398,2.8690513036771392
queen_street_place,n01399,2.8690513036771392
queen_victoria_street,n01400,25.36658164428644
queen_victoria_street,n01401,23.166581644286424
queen_victoria_street,n01402,3.966581644286407
queen_victoria_street,n01403,8.56658164428643
queen_victoria_street,n01404,22.56658164428643
queen_victoria_street,n01405,8.466581644286407
queen_victoria_street,n01406,17.06658164428643
queen_victoria_street,n01408,2.033418355713593
queen_victoria_street,n01409,12.966581644286407
queen_victoria_street,n01411,5.43341835571357
queen_victoria_street,n01412,19.666581644286424
queen_victoria_street,n01413,9.866581644286441
queen_victoria_street,n01414,4.233418355713582
queen_victoria_street,n01415,6.266581644286418
queen_victoria_street,n01416,8.266581644286418
queen_victoria_street,n01417,5.133418355713559
queen_victoria_street,n01418,8.966581644286407
queen_victoria_street,n01419,4.666581644286424
queen_victoria_street,n01420,5.43341835571357
queen_victoria_street,n01421,3.666581644286424
queen_victoria_street,n01422,0.966581644286407
queen_victoria_street,n01423,12.033418355713565
queen_victoria_street,n01424,3.666581644286424
queen_victoria_street,n01425,7.633418355713559
queen_victoria_street,n01426,9.633418355713559
queen_victoria_street,n01427,17.833418355713576
queen_victoria_street,n01428,5.033418355713593
queen_victoria_street,n01429,1.533418355713593
queen_victoria_street,n01430,5.133418355713559
queen_victoria_street,n01431,18.466581644286407
queen_victoria_street,n01432,2.033418355713593
queen_victoria_street,n01433,30.63341835571356
queen_victoria_street,n01434,9.233418355713582
queen_victoria_street,n01435,14.633418355713559
queen_victoria_street,n01436,3.7334183557135816
queen_victoria_street,n01437,6.033418355713593
queen_victoria_street,n01438,5.733418355713582
queen_victoria_street,n01439,0.533418355713593
queen_victoria_street,n01440,4.733418355713582
queen_victoria_street,n01441,0.36658164428644113
queen_victoria_street,n01442,4.733418355713582
queen_victoria_street,n01443,0.9334183557135702
queen_victoria_street,n01444,4.333418355713576
queen_victoria_street,n01445,18.23341835571358
queen_victoria_street,n01446,18.23341835571358
queenhithe,n01448,3.044285505849558
queenhithe,n01449,4.855714494150419
queenhithe,n01450,3.444285505849564
queenhithe,n01451,3.444285505849564
rood_lane,n01452,5.9504288362331295
rood_lane,n01453,1.5504288362331238
rood_lane,n01454,8.649571163766836
rood_lane,n01457,3.650428836233118
royal_exchange_avenue,n01458,49.42062637433014
royal_exchange_avenue,n01459,16.07937362566986
royal_exchange_avenue,n01460,16.07937362566986
royal_exchange_buildings,n01461,11.736003946464109
royal_exchange_buildings,n01462,5.163996053535868
royal_exchange_buildings,n01463,6.363996053535857
royal_exchange_buildings,n01464,6.363996053535857
russia_row,n01465,1.7586258076478885
russia_row,n01466,1.541374192352123
russia_row,n01467,1.541374192352123
saint_george_s_lane,n01468,10.582883918534662
saint_george_s_lane,n01469,9.01711608146536
saint_george_s_lane,n01470,9.01711608146536
saint_mary_axe,n01474,7.9674193625461385
saint_mary_axe,n01475,7.767419362546121
saint_mary_axe,n01477,12.067419362546133
saint_mary_axe,n01479,12.632580637453884
saint_mary_axe,n01480,15.432580637453867
saint_mary_axe,n01481,13.832580637453873
saint_mary_axe,n01482,13.832580637453873
salters_hall_court,n01483,0.539338316552886
salters_hall_court,n01484,1.5606616834471367
salters_hall_court,n01485,1.5606616834471367
sherborne_lane,n01486,50.232623904172215
sherborne_lane,n01487,8.067376095827797
sherborne_lane,n01488,8.967376095827802
sherborne_lane,n01489,7.36737609582778
sherborne_lane,n01490,7.36737609582778
ship_tavern_passage,n01491,0.1582197061231625
ship_tavern_passage,n01492,85.44178029387683
skinners_lane,n01494,10.695960557752471
skinners_lane,n01495,3.0040394422475174
skinners_lane,n01496,7.704039442247506
skinners_lane,n01497,7.704039442247506
st_alphage_garden,n01498,1.8048888315085492
st_alphage_garden,n01499,2.2048888315085833
st_alphage_garden,n01500,4.3951111684914395
st_alphage_garden,n01501,4.3951111684914395
st_dunstan_s_alley,n01529,4.936544793251926
st_dunstan_s_alley,n01530,6.663455206748097
st_dunstan_s_alley,n01531,6.663455206748097
st_dunstan_s_hill,n01532,33.5705912704496
st_dunstan_s_hill,n01534,42.17059127044962
st_dunstan_s_hill,n01535,1.029408729550397
st_dunstan_s_hill,n01536,42.17059127044962
st_dunstan_s_hill,n01537,12.67059127044962
st_dunstan_s_hill,n01538,13.770591270449614
st_dunstan_s_hill,n01539,15.470591270449603
st_dunstan_s_hill,n01540,15.470591270449603
st_dunstan_s_lane,n01541,7.073340642037465
st_dunstan_s_lane,n01542,7.226659357962546
st_dunstan_s_lane,n01543,7.226659357962546
st_martin_s_le_grand,n01544,56.449138381938525
st_martin_s_le_grand,n01545,22.949138381938525
st_martin_s_le_grand,n01546,5.6491383819385135
st_martin_s_le_grand,n01547,6.450861618061481
st_martin_s_le_grand,n01548,5.950861618061481
st_martin_s_le_grand,n01549,29.850861618061515
st_martin_s_le_grand,n01551,3.550861618061475
st_martin_s_le_grand,n01552,12.95086161806148
st_martin_s_le_grand,n01553,6.550861618061475
st_martin_s_le_grand,n01554,6.8508616180614865
st_martin_s_le_grand,n01555,6.8508616180614865
st_mary_at_hill,n01556,3.123420549345809
st_mary_at_hill,n01557,3.9234205493458205
st_mary_at_hill,n01558,2.023420549345815
st_mary_at_hill,n01559,0.8765794506541909
st_mary_at_hill,n01560,1.8765794506541909
st_mary_at_hill,n01561,1.9765794506541852
st_mary_at_hill,n01562,6.176579450654174
st_mary_at_hill,n01563,6.176579450654174
st_michaels_alley,n01564,20.764495439660493
st_michaels_alley,n01565,60.73550456033949
st_michaels_alley,n01566,15.964495439660482
st_michaels_alley,n01567,85.96449543966048
st_michaels_alley,n01568,12.564495439660504
st_michaels_alley,n01569,85.96449543966048
st_michaels_alley,n01570,12.564495439660504
st_paul_s_churchyard,n01504,62.30976389192381
st_paul_s_churchyard,n01507,75.29023610807621
st_paul_s_churchyard,n01510,57.60976389192382
st_paul_s_churchyard,n01511,82.9902361080762
st_paul_s_churchyard,n01512,57.60976389192382
st_stephen_s_row,n01514,9.087203707845447
st_stephen_s_row,n01515,14.18720370784547
st_stephen_s_row,n01516,45.11279629215454
st_stephen_s_row,n01517,45.11279629215454
st_swithin_s_lane,n01518,8.21951112964561
st_swithin_s_lane,n01519,8.21951112964561
st_swithin_s_lane,n01520,5.619511129645616
st_swithin_s_lane,n01521,0.6195111296456162
st_swithin_s_lane,n01522,2.0804888703543725
st_swithin_s_lane,n01523,0.38048887035438383
st_swithin_s_lane,n01524,8.380488870354384
st_swithin_s_lane,n01525,20.880488870354384
st_swithin_s_lane,n01526,20.880488870354384
staining_lane,n01571,3.850220620530422
staining_lane,n01572,3.4497793794695895
staining_lane,n01573,3.4497793794695895
stew_lane,n01577,0.7581058630504742
stew_lane,n01578,0.7418941369495258
stew_lane,n01579,0.7418941369495258
stone_house_court,n01580,0.18247233433379506
stone_house_court,n01581,0.18247233433379506
suffolk_lane,n01582,9.218454781847157
suffolk_lane,n01583,2.718454781847157
suffolk_lane,n01584,9.51845478184714
suffolk_lane,n01585,2.1815452181528485
suffolk_lane,n01586,27.081545218152854
suffolk_lane,n01587,27.081545218152854
sun_street_passage,n01588,4.730595324395836
sun_street_passage,n01589,5.069404675604147
sun_street_passage,n01590,5.030595324395847
sun_street_passage,n01591,15.369404675604159
sun_street_passage,n01592,16.430595324395853
sun_street_passage,n01593,16.430595324395853
swan_lane,n01594,0.21102202805869297
swan_lane,n01595,0.08897797194128998
swan_lane,n01596,0.08897797194128998
swan_lane,n01597,6.388977971941301
talbot_court,n01599,0.08022134363523037
talbot_court,n01600,0.08022134363523037
telegraph_street,n01601,2.8535475510969945
telegraph_street,n01602,5.553547551096983
telegraph_street,n01603,2.846452448903051
telegraph_street,n01604,2.8535475510969945
telegraph_street,n01605,10.846452448903051
telegraph_street,n01606,10.846452448903051
threadneedle_street,n01607,22.213274922193477
threadneedle_street,n01608,7.986725077806511
threadneedle_street,n01609,5.286725077806523
threadneedle_street,n01610,4.286725077806523
threadneedle_street,n01612,5.886725077806489
threadneedle_street,n01613,5.713274922193477
threadneedle_street,n01614,0.5867250778065056
threadneedle_street,n01615,2.7867250778065227
threadneedle_street,n01616,0.7867250778065227
threadneedle_street,n01617,1.8867250778064886
threadneedle_street,n01618,4.213274922193477
threadneedle_street,n01620,20.01327492219349
three_barrels_walk,n01621,9.058014056358957
three_barrels_walk,n01622,6.458014056358991
three_barrels_walk,n01623,6.658014056358979
three_barrels_walk,n01625,2.141985943641032
three_barrels_walk,n01626,2.141985943641032
three_cranes_walk,n01629,0.22003276247954773
three_cranes_walk,n01630,0.22003276247954773
throgmorton_avenue,n01631,90.0
throgmorton_avenue,n01634,68.0
throgmorton_street,n01638,19.53231607215662
throgmorton_street,n01639,5.732316072156635
throgmorton_street,n01640,13.33231607215663
throgmorton_street,n01642,8.932316072156652
throgmorton_street,n01644,11.367683927843359
throgmorton_street,n01645,33.86768392784336
throgmorton_street,n01646,33.86768392784336
tokenhouse_yard,n01647,1.197865801495766
tokenhouse_yard,n01648,5.897865801495783
tokenhouse_yard,n01649,4.697865801495766
tokenhouse_yard,n01650,3.397865801495783
tokenhouse_yard,n01651,43.40213419850423
tokenhouse_yard,n01652,43.40213419850423
trig_lane,n01653,90.0
trig_lane,n01654,90.0
trump_street,n01656,2.6220561185018028
trump_street,n01657,2.5779438814982427
trump_street,n01658,2.5779438814982427
undershaft,n01659,39.440634634578885
undershaft,n01660,23.240634634578896
undershaft,n01661,10.440634634578885
undershaft,n01662,19.140634634578902
undershaft,n01665,37.759365365421104
undershaft,n01666,37.759365365421104
upper_thames_street,n01667,3.1909713699706117
upper_thames_street,n01669,19.709028630029366
upper_thames_street,n01670,0.1909713699706117
upper_thames_street,n01671,1.2090286300293656
upper_thames_street,n01672,0.3090286300293883
upper_thames_street,n01673,24.090971369970646
upper_thames_street,n01674,6.309028630029388
upper_thames_street,n01675,1.7090286300293656
upper_thames_street,n01676,1.7090286300293656
upper_thames_street,n01679,9.709028630029366
upper_thames_street,n01680,2.6090286300293997
upper_thames_street,n01681,1.9090286300293542
upper_thames_street,n01682,0.7909713699706344
upper_thames_street,n01683,9.709028630029366
upper_thames_street,n01684,2.009028630029377
upper_thames_street,n01685,2.8090286300293883
upper_thames_street,n01686,0.9909713699706231
upper_thames_street,n01687,11.6090286300294
upper_thames_street,n01688,0.009028630029376927
upper_thames_street,n01689,0.5090286300293769
upper_thames_street,n01691,11.6090286300294
upper_thames_street,n01692,2.2090286300293656
upper_thames_street,n01693,0.5090286300293769
upper_thames_street,n01694,7.709028630029366
upper_thames_street,n01695,0.10902863002939966
upper_thames_street,n01696,1.2090286300293656
upper_thames_street,n01697,8.509028630029377
upper_thames_street,n01698,1.2909713699706344
upper_thames_street,n01699,3.990971369970623
upper_thames_street,n01700,9.009028630029377
upper_thames_street,n01701,6.590971369970646
upper_thames_street,n01702,4.090971369970646
upper_thames_street,n01703,8.209028630029366
upper_thames_street,n01705,4.090971369970646
upper_thames_street,n01706,5.809028630029388
upper_thames_street,n01707,1.1090286300293997
upper_thames_street,n01708,4.290971369970634
upper_thames_street,n01709,5.809028630029388
upper_thames_street,n01710,3.6909713699706117
upper_thames_street,n01711,4.190971369970612
upper_thames_street,n01712,4.290971369970634
upper_thames_street,n01713,4.790971369970634
upper_thames_street,n01714,6.290971369970634
upper_thames_street,n01715,7.590971369970646
upper_thames_street,n01716,11.490971369970623
upper_thames_street,n01717,1.0909713699706458
upper_thames_street,n01718,13.990971369970623
upper_thames_street,n01720,13.490971369970623
upper_thames_street,n01721,11.8909713699706
upper_thames_street,n01722,13.490971369970623
upper_thames_street,n01723,13.090971369970646
upper_thames_street,n01724,27.090971369970646
upper_thames_street,n01725,5.990971369970623
upper_thames_street,n01728,5.009028630029377
upper_thames_street,n01729,22.090971369970646
walbrook,n01730,13.038159253734818
walbrook,n01731,3.238159253734807
walbrook,n01732,2.238159253734807
walbrook,n01733,1.1381592537348126
walbrook,n01734,2.3381592537348013
walbrook,n01735,0.6381592537348126
walbrook,n01736,2.6381592537348126
walbrook,n01737,51.36184074626519
walbrook,n01738,3.3381592537348013
walbrook,n01739,3.3381592537348013
water_lane,n01743,7.492856920690059
water_lane,n01744,7.607143079309935
water_lane,n01745,7.607143079309935
watling_court,n01746,20.762359959799255
watling_court,n01747,7.937640040200733
watling_court,n01748,7.937640040200733
watling_street,n01749,3.0400168977145654
watling_street,n01750,9.159983102285423
watling_street,n01751,7.659983102285423
watling_street,n01752,5.959983102285435
watling_street,n01753,2.3400168977145768
watling_street,n01754,2.759983102285446
watling_street,n01755,0.740016897714554
watling_street,n01756,2.240016897714554
watling_street,n01757,3.6400168977145313
watling_street,n01759,2.5400168977145654
watling_street,n01760,6.240016897714554
watling_street,n01761,5.940016897714543
watling_street,n01762,5.940016897714543
well_court,n01763,0.05775672762473505
well_court,n01764,0.05775672762473505
whittington_avenue,n01768,4.203095052750427
whittington_avenue,n01769,2.4969049472495612
whittington_avenue,n01770,2.4969049472495612
wood_street,n01771,0.5835754981125092
wood_street,n01772,5.383575498112521
wood_street,n01773,2.6164245018874794
wood_street,n01774,5.1835754981125035
wood_street,n01775,5.083575498112509
wood_street,n01776,4.916424501887491
wood_street,n01777,11.61642450188748
wood_street,n01778,3.583575498112509
wood_street,n01779,4.983575498112515
wood_street,n01780,9.016424501887485
wood_street,n01781,11.61642450188748
wood_street,n01782,7.383575498112521
wood_street,n01783,4.083575498112509
wood_street,n01784,11.316424501887496
wood_street,n01785,7.383575498112521
wood_street,n01786,4.083575498112509
wood_street,n01787,7.3164245018874965
wood_street,n01788,5.8164245018874965
wood_street,n01789,5.916424501887491
wood_street,n01790,5.8164245018874965
wood_street,n01791,5.8164245018874965
wormwood_street,n01792,1.101323206204654
wormwood_street,n01793,0.40132320620466544
wormwood_street,n01794,1.7013232062046768
wormwood_street,n01795,0.10132320620465407
wormwood_street,n01796,0.8013232062046427
wormwood_street,n01797,0.10132320620465407
wormwood_street,n01798,0.10132320620465407
wormwood_street,n01799,0.10132320620465407
wormwood_street,n01800,0.7986767937953232
wormwood_street,n01801,0.10132320620465407
wormwood_street,n01802,0.0013232062046881765
wormwood_street,n01803,0.10132320620465407
wormwood_street,n01804,0.0013232062046881765
wormwood_street,n01805,0.10132320620465407
