file,node_id,bearing,source,rerendered
abchurch_lane/north_to_south/009_n00000_S.jpg,n00000,189.0,heading_rev_deg,True
abchurch_lane/south_to_north/001_n00000_N.jpg,n00000,9.0,heading_fwd_deg,True
abchurch_lane/north_to_south/005_n00004_S.jpg,n00004,187.0,heading_rev_deg,True
abchurch_lane/south_to_north/005_n00004_N.jpg,n00004,7.0,heading_fwd_deg,True
abchurch_lane/north_to_south/004_n00005_S.jpg,n00005,234.2,heading_rev_deg,True
abchurch_lane/south_to_north/006_n00005_N.jpg,n00005,54.2,heading_fwd_deg,True
abchurch_yard/east_to_west/001_n00009_W.jpg,n00009,286.5,heading_fwd_deg,True
abchurch_yard/west_to_east/003_n00009_E.jpg,n00009,106.5,heading_rev_deg,True
abchurch_yard/east_to_west/003_n00011_W.jpg,n00011,189.9,heading_rev_deg,True
abchurch_yard/west_to_east/001_n00011_E.jpg,n00011,9.9,heading_fwd_deg,True
adams_court/east_to_west/003_n00012_W.jpg,n00012,252.9,heading_fwd_deg,True
adams_court/west_to_east/003_n00012_E.jpg,n00012,72.9,heading_rev_deg,True
adams_court/east_to_west/001_n00013_W.jpg,n00013,320.2,heading_fwd_deg,True
adams_court/west_to_east/005_n00013_E.jpg,n00013,140.2,heading_rev_deg,True
adams_court/east_to_west/002_n00015_W.jpg,n00015,320.2,heading_fwd_deg,True
adams_court/west_to_east/004_n00015_E.jpg,n00015,140.2,heading_rev_deg,True
aldermanbury/north_to_south/006_n00021_S.jpg,n00021,251.2,heading_rev_deg,True
aldermanbury/south_to_north/006_n00021_N.jpg,n00021,71.2,heading_fwd_deg,True
aldermanbury/north_to_south/012_n00022_S.jpg,n00022,184.1,heading_rev_deg,True
aldermanbury/south_to_north/001_n00022_N.jpg,n00022,4.1,heading_fwd_deg,True
aldermanbury/north_to_south/011_n00024_S.jpg,n00024,180.1,heading_rev_deg,True
aldermanbury/south_to_north/002_n00024_N.jpg,n00024,0.1,heading_fwd_deg,True
aldermanbury/north_to_south/010_n00026_S.jpg,n00026,180.0,heading_rev_deg,True
aldermanbury/south_to_north/003_n00026_N.jpg,n00026,0.0,heading_fwd_deg,True
aldermanbury/north_to_south/009_n00028_S.jpg,n00028,178.9,heading_rev_deg,True
aldermanbury/south_to_north/004_n00028_N.jpg,n00028,358.9,heading_fwd_deg,True
aldermanbury/north_to_south/008_n00030_S.jpg,n00030,182.0,heading_rev_deg,True
aldermanbury/south_to_north/005_n00030_N.jpg,n00030,2.0,heading_fwd_deg,True
aldermanbury/north_to_south/007_n00032_S.jpg,n00032,182.0,heading_rev_deg,True
aldermanbury/south_to_north/007_n00032_N.jpg,n00032,2.0,heading_fwd_deg,True
aldermanbury_square/east_to_west/005_n00033_W.jpg,n00033,198.2,heading_rev_deg,True
aldermanbury_square/west_to_east/001_n00033_E.jpg,n00033,18.2,heading_fwd_deg,True
aldermanbury_square/east_to_west/003_n00034_W.jpg,n00034,0.0,heading_fwd_deg,True
aldermanbury_square/west_to_east/002_n00034_E.jpg,n00034,0.0,heading_fwd_deg,True
aldersgate_rotunda/north_to_south/006_n00038_S.jpg,n00038,204.1,heading_fwd_deg,True
aldersgate_rotunda/south_to_north/003_n00038_N.jpg,n00038,24.1,heading_rev_deg,True
aldersgate_rotunda/north_to_south/008_n00039_S.jpg,n00039,245.1,heading_fwd_deg,True
aldersgate_rotunda/south_to_north/001_n00039_N.jpg,n00039,65.1,heading_rev_deg,True
aldersgate_rotunda/north_to_south/007_n00040_S.jpg,n00040,93.5,heading_rev_deg,True
aldersgate_rotunda/south_to_north/002_n00040_N.jpg,n00040,273.5,heading_fwd_deg,True
aldersgate_rotunda/north_to_south/004_n00042_S.jpg,n00042,162.6,heading_rev_deg,True
aldersgate_rotunda/south_to_north/005_n00042_N.jpg,n00042,342.6,heading_fwd_deg,True
aldersgate_rotunda/north_to_south/003_n00043_S.jpg,n00043,199.6,heading_rev_deg,True
aldersgate_rotunda/south_to_north/006_n00043_N.jpg,n00043,19.6,heading_fwd_deg,True
aldersgate_rotunda/north_to_south/002_n00044_S.jpg,n00044,225.5,heading_rev_deg,True
aldersgate_rotunda/south_to_north/007_n00044_N.jpg,n00044,45.5,heading_fwd_deg,True
aldersgate_rotunda/north_to_south/001_n00045_S.jpg,n00045,225.5,heading_rev_deg,True
aldersgate_rotunda/south_to_north/008_n00045_N.jpg,n00045,45.5,heading_fwd_deg,True
aldersgate_street/north_to_south/007_n00047_S.jpg,n00047,199.4,heading_rev_deg,True
aldersgate_street/south_to_north/004_n00047_N.jpg,n00047,19.4,heading_fwd_deg,True
aldersgate_street/north_to_south/006_n00048_S.jpg,n00048,160.9,heading_rev_deg,True
aldersgate_street/south_to_north/005_n00048_N.jpg,n00048,340.9,heading_fwd_deg,True
angel_street/east_to_west/002_n00071_W.jpg,n00071,304.7,heading_fwd_deg,True
angel_street/west_to_east/004_n00071_E.jpg,n00071,124.7,heading_rev_deg,True
austin_friars/north_to_south/011_n00078_S.jpg,n00078,134.6,heading_rev_deg,True
austin_friars/south_to_north/001_n00078_N.jpg,n00078,314.6,heading_fwd_deg,True
austin_friars/north_to_south/003_n00079_S.jpg,n00079,115.5,heading_rev_deg,True
austin_friars/south_to_north/008_n00079_N.jpg,n00079,295.5,heading_fwd_deg,True
austin_friars/north_to_south/010_n00080_S.jpg,n00080,121.4,heading_rev_deg,True
austin_friars/south_to_north/002_n00080_N.jpg,n00080,301.4,heading_fwd_deg,True
austin_friars/north_to_south/002_n00081_S.jpg,n00081,108.3,heading_rev_deg,True
austin_friars/south_to_north/010_n00081_N.jpg,n00081,288.3,heading_fwd_deg,True
austin_friars/north_to_south/009_n00082_S.jpg,n00082,182.6,heading_rev_deg,True
austin_friars/south_to_north/003_n00082_N.jpg,n00082,2.6,heading_fwd_deg,True
austin_friars/north_to_south/001_n00083_S.jpg,n00083,108.3,heading_rev_deg,True
austin_friars/south_to_north/011_n00083_N.jpg,n00083,288.3,heading_fwd_deg,True
austin_friars/north_to_south/008_n00084_S.jpg,n00084,195.3,heading_rev_deg,True
austin_friars/south_to_north/004_n00084_N.jpg,n00084,15.3,heading_fwd_deg,True
austin_friars/north_to_south/006_n00085_S.jpg,n00085,196.1,heading_rev_deg,True
austin_friars/south_to_north/006_n00085_N.jpg,n00085,16.1,heading_fwd_deg,True
austin_friars/north_to_south/004_n00086_S.jpg,n00086,264.0,heading_rev_deg,True
austin_friars/south_to_north/009_n00086_N.jpg,n00086,84.0,heading_fwd_deg,True
austin_friars/north_to_south/005_n00087_S.jpg,n00087,94.6,heading_fwd_deg,True
austin_friars/south_to_north/007_n00087_N.jpg,n00087,274.6,heading_rev_deg,True
bakers_hall_court/east_to_west/001_n00090_W.jpg,n00090,352.6,heading_fwd_deg,True
bakers_hall_court/west_to_east/004_n00090_E.jpg,n00090,172.6,heading_rev_deg,True
bakers_hall_court/east_to_west/002_n00091_W.jpg,n00091,243.4,heading_fwd_deg,True
bakers_hall_court/west_to_east/003_n00091_E.jpg,n00091,63.4,heading_rev_deg,True
bakers_hall_court/east_to_west/004_n00092_W.jpg,n00092,243.4,heading_fwd_deg,True
bakers_hall_court/west_to_east/002_n00092_E.jpg,n00092,63.4,heading_rev_deg,True
basinghall_avenue/east_to_west/007_n00104_W.jpg,n00104,236.1,heading_rev_deg,True
basinghall_avenue/west_to_east/001_n00104_E.jpg,n00104,56.1,heading_fwd_deg,True
basinghall_street/north_to_south/015_n00111_S.jpg,n00111,180.7,heading_rev_deg,True
basinghall_street/south_to_north/001_n00111_N.jpg,n00111,0.7,heading_fwd_deg,True
basinghall_street/north_to_south/013_n00113_S.jpg,n00113,192.7,heading_rev_deg,True
basinghall_street/south_to_north/003_n00113_N.jpg,n00113,12.7,heading_fwd_deg,True
basinghall_street/north_to_south/012_n00114_S.jpg,n00114,186.1,heading_rev_deg,True
basinghall_street/south_to_north/004_n00114_N.jpg,n00114,6.1,heading_fwd_deg,True
basinghall_street/north_to_south/006_n00120_S.jpg,n00120,183.4,heading_rev_deg,True
basinghall_street/south_to_north/010_n00120_N.jpg,n00120,3.4,heading_fwd_deg,True
basinghall_street/north_to_south/005_n00121_S.jpg,n00121,182.0,heading_rev_deg,True
basinghall_street/south_to_north/011_n00121_N.jpg,n00121,2.0,heading_fwd_deg,True
basinghall_street/north_to_south/004_n00122_S.jpg,n00122,103.1,heading_rev_deg,True
basinghall_street/south_to_north/012_n00122_N.jpg,n00122,283.1,heading_fwd_deg,True
basinghall_street/north_to_south/003_n00123_S.jpg,n00123,108.8,heading_rev_deg,True
basinghall_street/south_to_north/013_n00123_N.jpg,n00123,288.8,heading_fwd_deg,True
basinghall_street/north_to_south/002_n00124_S.jpg,n00124,94.8,heading_rev_deg,True
basinghall_street/south_to_north/014_n00124_N.jpg,n00124,274.8,heading_fwd_deg,True
basinghall_street/north_to_south/001_n00125_S.jpg,n00125,94.8,heading_rev_deg,True
basinghall_street/south_to_north/015_n00125_N.jpg,n00125,274.8,heading_fwd_deg,True
bishopsgate/north_to_south/036_n00138_S.jpg,n00138,195.5,heading_rev_deg,True
bishopsgate/south_to_north/001_n00138_N.jpg,n00138,15.5,heading_fwd_deg,True
bishopsgate/north_to_south/035_n00142_S.jpg,n00142,195.3,heading_rev_deg,True
bishopsgate/south_to_north/002_n00142_N.jpg,n00142,15.3,heading_fwd_deg,True
bishopsgate/north_to_south/017_n00144_S.jpg,n00144,235.9,heading_rev_deg,True
bishopsgate/south_to_north/019_n00144_N.jpg,n00144,55.9,heading_fwd_deg,True
bishopsgate/north_to_south/034_n00146_S.jpg,n00146,192.7,heading_rev_deg,True
bishopsgate/south_to_north/003_n00146_N.jpg,n00146,12.7,heading_fwd_deg,True
bishopsgate/north_to_south/015_n00148_S.jpg,n00148,187.0,heading_rev_deg,True
bishopsgate/south_to_north/022_n00148_N.jpg,n00148,7.0,heading_fwd_deg,True
bishopsgate/north_to_south/031_n00156_S.jpg,n00156,189.7,heading_rev_deg,True
bishopsgate/south_to_north/006_n00156_N.jpg,n00156,9.7,heading_fwd_deg,True
bishopsgate/north_to_south/029_n00160_S.jpg,n00160,226.8,heading_rev_deg,True
bishopsgate/south_to_north/008_n00160_N.jpg,n00160,46.8,heading_fwd_deg,True
bishopsgate_arcade/east_to_west/001_n00174_W.jpg,n00174,273.7,heading_fwd_deg,True
bishopsgate_arcade/west_to_east/004_n00174_E.jpg,n00174,93.7,heading_rev_deg,True
bishopsgate_arcade/east_to_west/003_n00176_W.jpg,n00176,329.3,heading_fwd_deg,True
bishopsgate_arcade/west_to_east/002_n00176_E.jpg,n00176,149.3,heading_rev_deg,True
bishopsgate_arcade/east_to_west/004_n00177_W.jpg,n00177,329.3,heading_fwd_deg,True
bishopsgate_arcade/west_to_east/001_n00177_E.jpg,n00177,149.3,heading_rev_deg,True
bishopsgate_churchyard/east_to_west/005_n00182_W.jpg,n00182,264.2,heading_fwd_deg,True
bishopsgate_churchyard/west_to_east/003_n00182_E.jpg,n00182,84.2,heading_rev_deg,True
bishopsgate_churchyard/east_to_west/007_n00184_W.jpg,n00184,324.9,heading_fwd_deg,True
bishopsgate_churchyard/west_to_east/001_n00184_E.jpg,n00184,144.9,heading_rev_deg,True
blomfield_street/north_to_south/009_n00185_S.jpg,n00185,235.5,heading_rev_deg,True
blomfield_street/south_to_north/001_n00185_N.jpg,n00185,55.5,heading_fwd_deg,True
bow_churchyard/north_to_south/004_n00211_S.jpg,n00211,107.2,heading_rev_deg,True
bow_churchyard/south_to_north/001_n00211_N.jpg,n00211,287.2,heading_fwd_deg,True
bow_churchyard/north_to_south/002_n00213_S.jpg,n00213,184.9,heading_rev_deg,True
bow_churchyard/south_to_north/003_n00213_N.jpg,n00213,4.9,heading_fwd_deg,True
bow_churchyard/north_to_south/001_n00214_S.jpg,n00214,184.9,heading_rev_deg,True
bow_churchyard/south_to_north/004_n00214_N.jpg,n00214,4.9,heading_fwd_deg,True
bow_lane/north_to_south/008_n00216_S.jpg,n00216,172.5,heading_rev_deg,True
bow_lane/south_to_north/002_n00216_N.jpg,n00216,352.5,heading_fwd_deg,True
bread_street/north_to_south/012_n00224_S.jpg,n00224,160.9,heading_rev_deg,True
bread_street/south_to_north/001_n00224_N.jpg,n00224,340.9,heading_fwd_deg,True
broad_street_avenue/east_to_west/002_n00239_W.jpg,n00239,225.8,heading_fwd_deg,True
broad_street_avenue/west_to_east/002_n00239_E.jpg,n00239,45.8,heading_rev_deg,True
bush_lane/north_to_south/006_n00257_S.jpg,n00257,134.5,heading_rev_deg,True
bush_lane/south_to_north/001_n00257_N.jpg,n00257,314.5,heading_fwd_deg,True
byward_street/east_to_west/002_n00275_W.jpg,n00275,271.7,heading_rev_deg,True
byward_street/west_to_east/015_n00275_E.jpg,n00275,91.7,heading_fwd_deg,True
byward_street/east_to_west/001_n00277_W.jpg,n00277,271.7,heading_rev_deg,True
byward_street/west_to_east/016_n00277_E.jpg,n00277,91.7,heading_fwd_deg,True
cannon_street/east_to_west/027_n00292_W.jpg,n00292,307.3,heading_fwd_deg,True
cannon_street/west_to_east/023_n00292_E.jpg,n00292,127.3,heading_rev_deg,True
cannon_street/east_to_west/036_n00328_W.jpg,n00328,307.6,heading_fwd_deg,True
cannon_street/west_to_east/014_n00328_E.jpg,n00328,127.6,heading_rev_deg,True
cheapside/east_to_west/022_n00359_W.jpg,n00359,326.6,heading_fwd_deg,True
cheapside/west_to_east/009_n00359_E.jpg,n00359,146.6,heading_rev_deg,True
cheapside/east_to_west/024_n00361_W.jpg,n00361,330.1,heading_fwd_deg,True
cheapside/west_to_east/007_n00361_E.jpg,n00361,150.1,heading_rev_deg,True
cheapside/east_to_west/026_n00363_W.jpg,n00363,341.9,heading_fwd_deg,True
cheapside/west_to_east/005_n00363_E.jpg,n00363,161.9,heading_rev_deg,True
cheapside/east_to_west/028_n00365_W.jpg,n00365,359.4,heading_fwd_deg,True
cheapside/west_to_east/003_n00365_E.jpg,n00365,179.4,heading_rev_deg,True
cheapside/east_to_west/029_n00367_W.jpg,n00367,359.4,heading_fwd_deg,True
cheapside/west_to_east/002_n00367_E.jpg,n00367,179.4,heading_rev_deg,True
cheapside/east_to_west/021_n00383_W.jpg,n00383,316.7,heading_fwd_deg,True
cheapside/west_to_east/010_n00383_E.jpg,n00383,136.7,heading_rev_deg,True
cheapside/east_to_west/025_n00385_W.jpg,n00385,316.5,heading_fwd_deg,True
cheapside/west_to_east/006_n00385_E.jpg,n00385,136.5,heading_rev_deg,True
cheapside/east_to_west/027_n00386_W.jpg,n00386,308.0,heading_fwd_deg,True
cheapside/west_to_east/004_n00386_E.jpg,n00386,128.0,heading_rev_deg,True
cheapside/east_to_west/030_n00387_W.jpg,n00387,308.0,heading_fwd_deg,True
cheapside/west_to_east/001_n00387_E.jpg,n00387,128.0,heading_rev_deg,True
clements_lane/north_to_south/007_n00393_S.jpg,n00393,223.8,heading_rev_deg,True
clements_lane/south_to_north/001_n00393_N.jpg,n00393,43.8,heading_fwd_deg,True
clerks_place/east_to_west/003_n00402_W.jpg,n00402,263.8,heading_fwd_deg,True
clerks_place/west_to_east/005_n00402_E.jpg,n00402,83.8,heading_rev_deg,True
coleman_street/north_to_south/012_n00417_S.jpg,n00417,211.4,heading_rev_deg,True
coleman_street/south_to_north/003_n00417_N.jpg,n00417,31.4,heading_fwd_deg,True
college_hill/north_to_south/006_n00429_S.jpg,n00429,134.6,heading_rev_deg,True
college_hill/south_to_north/001_n00429_N.jpg,n00429,314.6,heading_fwd_deg,True
college_street/east_to_west/001_n00435_W.jpg,n00435,306.2,heading_fwd_deg,True
college_street/west_to_east/007_n00435_E.jpg,n00435,126.2,heading_rev_deg,True
college_street/east_to_west/004_n00438_W.jpg,n00438,271.0,heading_fwd_deg,True
college_street/west_to_east/004_n00438_E.jpg,n00438,91.0,heading_rev_deg,True
college_street/east_to_west/005_n00439_W.jpg,n00439,266.3,heading_fwd_deg,True
college_street/west_to_east/003_n00439_E.jpg,n00439,86.3,heading_rev_deg,True
copthall_avenue/north_to_south/013_n00442_S.jpg,n00442,266.4,heading_fwd_deg,True
copthall_avenue/south_to_north/001_n00442_N.jpg,n00442,86.4,heading_rev_deg,True
copthall_avenue/north_to_south/012_n00443_S.jpg,n00443,268.7,heading_fwd_deg,True
copthall_avenue/south_to_north/002_n00443_N.jpg,n00443,88.7,heading_rev_deg,True
copthall_avenue/north_to_south/011_n00444_S.jpg,n00444,90.8,heading_rev_deg,True
copthall_avenue/south_to_north/003_n00444_N.jpg,n00444,270.8,heading_fwd_deg,True
copthall_avenue/north_to_south/010_n00445_S.jpg,n00445,92.6,heading_rev_deg,True
copthall_avenue/south_to_north/004_n00445_N.jpg,n00445,272.6,heading_fwd_deg,True
copthall_avenue/north_to_south/009_n00446_S.jpg,n00446,132.4,heading_rev_deg,True
copthall_avenue/south_to_north/005_n00446_N.jpg,n00446,312.4,heading_fwd_deg,True
copthall_avenue/north_to_south/008_n00447_S.jpg,n00447,181.5,heading_rev_deg,True
copthall_avenue/south_to_north/006_n00447_N.jpg,n00447,1.5,heading_fwd_deg,True
copthall_avenue/north_to_south/007_n00448_S.jpg,n00448,198.0,heading_rev_deg,True
copthall_avenue/south_to_north/007_n00448_N.jpg,n00448,18.0,heading_fwd_deg,True
copthall_avenue/north_to_south/006_n00449_S.jpg,n00449,193.9,heading_rev_deg,True
copthall_avenue/south_to_north/008_n00449_N.jpg,n00449,13.9,heading_fwd_deg,True
copthall_avenue/north_to_south/005_n00450_S.jpg,n00450,187.8,heading_rev_deg,True
copthall_avenue/south_to_north/009_n00450_N.jpg,n00450,7.8,heading_fwd_deg,True
copthall_avenue/north_to_south/004_n00451_S.jpg,n00451,184.3,heading_rev_deg,True
copthall_avenue/south_to_north/010_n00451_N.jpg,n00451,4.3,heading_fwd_deg,True
copthall_avenue/north_to_south/003_n00452_S.jpg,n00452,185.6,heading_rev_deg,True
copthall_avenue/south_to_north/011_n00452_N.jpg,n00452,5.6,heading_fwd_deg,True
copthall_avenue/north_to_south/002_n00453_S.jpg,n00453,186.2,heading_rev_deg,True
copthall_avenue/south_to_north/012_n00453_N.jpg,n00453,6.2,heading_fwd_deg,True
copthall_avenue/north_to_south/001_n00454_S.jpg,n00454,186.2,heading_rev_deg,True
copthall_avenue/south_to_north/013_n00454_N.jpg,n00454,6.2,heading_fwd_deg,True
cullum_street/east_to_west/001_n00479_W.jpg,n00479,188.1,heading_rev_deg,True
cullum_street/west_to_east/006_n00479_E.jpg,n00479,8.1,heading_fwd_deg,True
cullum_street/east_to_west/003_n00480_W.jpg,n00480,286.6,heading_fwd_deg,True
cullum_street/west_to_east/004_n00480_E.jpg,n00480,106.6,heading_rev_deg,True
cullum_street/east_to_west/002_n00481_W.jpg,n00481,188.1,heading_rev_deg,True
cullum_street/west_to_east/005_n00481_E.jpg,n00481,8.1,heading_fwd_deg,True
cullum_street/east_to_west/004_n00482_W.jpg,n00482,280.7,heading_fwd_deg,True
cullum_street/west_to_east/003_n00482_E.jpg,n00482,100.7,heading_rev_deg,True
custom_house_walkway/east_to_west/002_n00486_W.jpg,n00486,265.7,heading_fwd_deg,True
custom_house_walkway/west_to_east/006_n00486_E.jpg,n00486,85.7,heading_rev_deg,True
distaff_lane/east_to_west/008_n00500_W.jpg,n00500,265.8,heading_rev_deg,True
distaff_lane/west_to_east/002_n00500_E.jpg,n00500,85.8,heading_fwd_deg,True
distaff_lane/east_to_west/007_n00501_W.jpg,n00501,272.8,heading_rev_deg,True
distaff_lane/west_to_east/003_n00501_E.jpg,n00501,92.8,heading_fwd_deg,True
distaff_lane/east_to_west/006_n00502_W.jpg,n00502,274.7,heading_rev_deg,True
distaff_lane/west_to_east/004_n00502_E.jpg,n00502,94.7,heading_fwd_deg,True
distaff_lane/east_to_west/005_n00503_W.jpg,n00503,277.8,heading_rev_deg,True
distaff_lane/west_to_east/005_n00503_E.jpg,n00503,97.8,heading_fwd_deg,True
distaff_lane/east_to_west/004_n00504_W.jpg,n00504,215.3,heading_rev_deg,True
distaff_lane/west_to_east/006_n00504_E.jpg,n00504,35.3,heading_fwd_deg,True
distaff_lane/east_to_west/003_n00505_W.jpg,n00505,189.0,heading_rev_deg,True
distaff_lane/west_to_east/007_n00505_E.jpg,n00505,9.0,heading_fwd_deg,True
distaff_lane/east_to_west/002_n00506_W.jpg,n00506,189.1,heading_rev_deg,True
distaff_lane/west_to_east/008_n00506_E.jpg,n00506,9.1,heading_fwd_deg,True
distaff_lane/east_to_west/001_n00507_W.jpg,n00507,189.1,heading_rev_deg,True
distaff_lane/west_to_east/009_n00507_E.jpg,n00507,9.1,heading_fwd_deg,True
dunster_court/east_to_west/004_n00515_W.jpg,n00515,0.0,heading_fwd_deg,True
dunster_court/west_to_east/001_n00515_E.jpg,n00515,0.0,heading_fwd_deg,True
dunster_court/east_to_west/005_n00517_W.jpg,n00517,0.0,heading_fwd_deg,True
dunster_court/west_to_east/002_n00517_E.jpg,n00517,0.0,heading_fwd_deg,True
eastcheap/east_to_west/002_n00522_W.jpg,n00522,294.9,heading_fwd_deg,True
eastcheap/west_to_east/016_n00522_E.jpg,n00522,114.9,heading_rev_deg,True
eastcheap/east_to_west/012_n00534_W.jpg,n00534,254.9,heading_fwd_deg,True
eastcheap/west_to_east/006_n00534_E.jpg,n00534,74.9,heading_rev_deg,True
eldon_street/east_to_west/001_n00537_W.jpg,n00537,342.1,heading_fwd_deg,True
eldon_street/west_to_east/004_n00537_E.jpg,n00537,162.1,heading_rev_deg,True
fen_court/north_to_south/004_n00542_S.jpg,n00542,144.0,heading_rev_deg,True
fen_court/south_to_north/002_n00542_N.jpg,n00542,324.0,heading_fwd_deg,True
fenchurch_street/east_to_west/017_n00555_W.jpg,n00555,292.5,heading_rev_deg,True
fenchurch_street/west_to_east/003_n00555_E.jpg,n00555,112.5,heading_fwd_deg,True
fenchurch_street/east_to_west/016_n00556_W.jpg,n00556,284.8,heading_rev_deg,True
fenchurch_street/west_to_east/004_n00556_E.jpg,n00556,104.8,heading_fwd_deg,True
fenchurch_street/east_to_west/015_n00557_W.jpg,n00557,284.1,heading_rev_deg,True
fenchurch_street/west_to_east/005_n00557_E.jpg,n00557,104.1,heading_fwd_deg,True
fenchurch_street/east_to_west/014_n00558_W.jpg,n00558,280.3,heading_rev_deg,True
fenchurch_street/west_to_east/006_n00558_E.jpg,n00558,100.3,heading_fwd_deg,True
fenchurch_street/east_to_west/013_n00559_W.jpg,n00559,279.9,heading_rev_deg,True
fenchurch_street/west_to_east/007_n00559_E.jpg,n00559,99.9,heading_fwd_deg,True
fenchurch_street/east_to_west/004_n00568_W.jpg,n00568,245.3,heading_rev_deg,True
fenchurch_street/west_to_east/016_n00568_E.jpg,n00568,65.3,heading_fwd_deg,True
fenchurch_street/east_to_west/003_n00569_W.jpg,n00569,243.6,heading_rev_deg,True
fenchurch_street/west_to_east/017_n00569_E.jpg,n00569,63.6,heading_fwd_deg,True
fenchurch_street/east_to_west/002_n00570_W.jpg,n00570,245.0,heading_rev_deg,True
fenchurch_street/west_to_east/018_n00570_E.jpg,n00570,65.0,heading_fwd_deg,True
fenchurch_street/east_to_west/001_n00571_W.jpg,n00571,245.0,heading_rev_deg,True
fenchurch_street/west_to_east/019_n00571_E.jpg,n00571,65.0,heading_fwd_deg,True
finsbury_circus/east_to_west/013_n00578_W.jpg,n00578,261.1,heading_rev_deg,True
finsbury_circus/west_to_east/010_n00578_E.jpg,n00578,81.1,heading_fwd_deg,True
finsbury_circus/east_to_west/011_n00580_W.jpg,n00580,262.3,heading_rev_deg,True
finsbury_circus/west_to_east/012_n00580_E.jpg,n00580,82.3,heading_fwd_deg,True
finsbury_circus/east_to_west/010_n00582_W.jpg,n00582,247.1,heading_rev_deg,True
finsbury_circus/west_to_east/013_n00582_E.jpg,n00582,67.1,heading_fwd_deg,True
finsbury_circus/east_to_west/007_n00584_W.jpg,n00584,219.5,heading_rev_deg,True
finsbury_circus/west_to_east/016_n00584_E.jpg,n00584,39.5,heading_fwd_deg,True
finsbury_circus/east_to_west/006_n00585_W.jpg,n00585,197.1,heading_rev_deg,True
finsbury_circus/west_to_east/017_n00585_E.jpg,n00585,17.1,heading_fwd_deg,True
finsbury_circus/east_to_west/005_n00586_W.jpg,n00586,348.4,heading_fwd_deg,True
finsbury_circus/west_to_east/018_n00586_E.jpg,n00586,168.4,heading_rev_deg,True
finsbury_circus/east_to_west/008_n00587_W.jpg,n00587,319.3,heading_fwd_deg,True
finsbury_circus/west_to_east/015_n00587_E.jpg,n00587,139.3,heading_rev_deg,True
finsbury_circus/east_to_west/009_n00588_W.jpg,n00588,302.2,heading_fwd_deg,True
finsbury_circus/west_to_east/014_n00588_E.jpg,n00588,122.2,heading_rev_deg,True
finsbury_circus/east_to_west/016_n00591_W.jpg,n00591,260.3,heading_fwd_deg,True
finsbury_circus/west_to_east/007_n00591_E.jpg,n00591,80.3,heading_rev_deg,True
finsbury_circus/east_to_west/018_n00592_W.jpg,n00592,243.0,heading_fwd_deg,True
finsbury_circus/west_to_east/005_n00592_E.jpg,n00592,63.0,heading_rev_deg,True
finsbury_circus/east_to_west/020_n00593_W.jpg,n00593,213.4,heading_fwd_deg,True
finsbury_circus/west_to_east/003_n00593_E.jpg,n00593,33.4,heading_rev_deg,True
finsbury_circus/east_to_west/022_n00594_W.jpg,n00594,188.7,heading_fwd_deg,True
finsbury_circus/west_to_east/001_n00594_E.jpg,n00594,8.7,heading_rev_deg,True
finsbury_circus/east_to_west/021_n00595_W.jpg,n00595,338.3,heading_rev_deg,True
finsbury_circus/west_to_east/002_n00595_E.jpg,n00595,158.3,heading_fwd_deg,True
finsbury_circus/east_to_west/019_n00596_W.jpg,n00596,314.9,heading_rev_deg,True
finsbury_circus/west_to_east/004_n00596_E.jpg,n00596,134.9,heading_fwd_deg,True
finsbury_circus/east_to_west/017_n00597_W.jpg,n00597,299.9,heading_rev_deg,True
finsbury_circus/west_to_east/006_n00597_E.jpg,n00597,119.9,heading_fwd_deg,True
finsbury_circus/east_to_west/015_n00598_W.jpg,n00598,299.9,heading_rev_deg,True
finsbury_circus/west_to_east/008_n00598_E.jpg,n00598,119.9,heading_fwd_deg,True
fisherman_s_hall_wharf/east_to_west/002_n00604_W.jpg,n00604,298.2,heading_fwd_deg,True
fisherman_s_hall_wharf/west_to_east/006_n00604_E.jpg,n00604,118.2,heading_rev_deg,True
fore_street_avenue/east_to_west/005_n00619_W.jpg,n00619,198.2,heading_rev_deg,True
fore_street_avenue/west_to_east/001_n00619_E.jpg,n00619,18.2,heading_fwd_deg,True
fore_street_avenue/east_to_west/004_n00620_W.jpg,n00620,205.0,heading_rev_deg,True
fore_street_avenue/west_to_east/002_n00620_E.jpg,n00620,25.0,heading_fwd_deg,True
fore_street_avenue/east_to_west/003_n00621_W.jpg,n00621,282.3,heading_rev_deg,True
fore_street_avenue/west_to_east/003_n00621_E.jpg,n00621,102.3,heading_fwd_deg,True
fore_street_avenue/east_to_west/002_n00622_W.jpg,n00622,289.5,heading_rev_deg,True
fore_street_avenue/west_to_east/004_n00622_E.jpg,n00622,109.5,heading_fwd_deg,True
fore_street_avenue/east_to_west/001_n00623_W.jpg,n00623,289.5,heading_rev_deg,True
fore_street_avenue/west_to_east/005_n00623_E.jpg,n00623,109.5,heading_fwd_deg,True
gardner_s_lane/north_to_south/002_n00645_S.jpg,n00645,216.5,heading_rev_deg,True
gardner_s_lane/south_to_north/002_n00645_N.jpg,n00645,36.5,heading_fwd_deg,True
globe_view_walkway/east_to_west/006_n00658_W.jpg,n00658,193.6,heading_rev_deg,True
globe_view_walkway/west_to_east/002_n00658_E.jpg,n00658,13.6,heading_fwd_deg,True
globe_view_walkway/east_to_west/005_n00659_W.jpg,n00659,206.3,heading_rev_deg,True
globe_view_walkway/west_to_east/003_n00659_E.jpg,n00659,26.3,heading_fwd_deg,True
globe_view_walkway/east_to_west/004_n00660_W.jpg,n00660,281.8,heading_rev_deg,True
globe_view_walkway/west_to_east/004_n00660_E.jpg,n00660,101.8,heading_fwd_deg,True
globe_view_walkway/east_to_west/002_n00662_W.jpg,n00662,218.6,heading_rev_deg,True
globe_view_walkway/west_to_east/006_n00662_E.jpg,n00662,38.6,heading_fwd_deg,True
globe_view_walkway/east_to_west/001_n00663_W.jpg,n00663,218.6,heading_rev_deg,True
globe_view_walkway/west_to_east/007_n00663_E.jpg,n00663,38.6,heading_fwd_deg,True
gracechurch_street/north_to_south/022_n00669_S.jpg,n00669,90.0,heading_fwd_deg,True
gracechurch_street/south_to_north/003_n00669_N.jpg,n00669,90.0,heading_fwd_deg,True
gracechurch_street/north_to_south/024_n00670_S.jpg,n00670,267.2,heading_rev_deg,True
gracechurch_street/south_to_north/001_n00670_N.jpg,n00670,87.2,heading_fwd_deg,True
gracechurch_street/north_to_south/021_n00671_S.jpg,n00671,241.3,heading_rev_deg,True
gracechurch_street/south_to_north/004_n00671_N.jpg,n00671,61.3,heading_fwd_deg,True
gracechurch_street/north_to_south/023_n00672_S.jpg,n00672,250.3,heading_rev_deg,True
gracechurch_street/south_to_north/002_n00672_N.jpg,n00672,70.3,heading_fwd_deg,True
gracechurch_street/north_to_south/018_n00673_S.jpg,n00673,232.7,heading_rev_deg,True
gracechurch_street/south_to_north/007_n00673_N.jpg,n00673,52.7,heading_fwd_deg,True
gracechurch_street/north_to_south/020_n00674_S.jpg,n00674,231.9,heading_rev_deg,True
gracechurch_street/south_to_north/005_n00674_N.jpg,n00674,51.9,heading_fwd_deg,True
gracechurch_street/north_to_south/015_n00675_S.jpg,n00675,232.7,heading_rev_deg,True
gracechurch_street/south_to_north/010_n00675_N.jpg,n00675,52.7,heading_fwd_deg,True
gracechurch_street/north_to_south/017_n00676_S.jpg,n00676,168.7,heading_fwd_deg,True
gracechurch_street/south_to_north/008_n00676_N.jpg,n00676,348.7,heading_rev_deg,True
gracechurch_street/north_to_south/019_n00677_S.jpg,n00677,178.9,heading_rev_deg,True
gracechurch_street/south_to_north/006_n00677_N.jpg,n00677,358.9,heading_fwd_deg,True
great_swan_alley/east_to_west/005_n00707_W.jpg,n00707,250.8,heading_fwd_deg,True
great_swan_alley/west_to_east/004_n00707_E.jpg,n00707,70.8,heading_rev_deg,True
great_winchester_street/east_to_west/005_n00728_W.jpg,n00728,285.5,heading_fwd_deg,True
great_winchester_street/west_to_east/005_n00728_E.jpg,n00728,105.5,heading_rev_deg,True
great_winchester_street/east_to_west/007_n00730_W.jpg,n00730,182.1,heading_rev_deg,True
great_winchester_street/west_to_east/003_n00730_E.jpg,n00730,2.1,heading_fwd_deg,True
great_winchester_street/east_to_west/008_n00731_W.jpg,n00731,199.5,heading_rev_deg,True
great_winchester_street/west_to_east/002_n00731_E.jpg,n00731,19.5,heading_fwd_deg,True
great_winchester_street/east_to_west/009_n00732_W.jpg,n00732,199.5,heading_rev_deg,True
great_winchester_street/west_to_east/001_n00732_E.jpg,n00732,19.5,heading_fwd_deg,True
gresham_street/east_to_west/011_n00743_W.jpg,n00743,307.0,heading_fwd_deg,True
gresham_street/west_to_east/015_n00743_E.jpg,n00743,127.0,heading_rev_deg,True
gresham_street/east_to_west/022_n00754_W.jpg,n00754,316.1,heading_fwd_deg,True
gresham_street/west_to_east/004_n00754_E.jpg,n00754,136.1,heading_rev_deg,True
gutter_lane/north_to_south/003_n00772_S.jpg,n00772,164.8,heading_rev_deg,True
gutter_lane/south_to_north/007_n00772_N.jpg,n00772,344.8,heading_fwd_deg,True
hanseatic_walk/east_to_west/001_n00775_W.jpg,n00775,267.0,heading_fwd_deg,True
hanseatic_walk/west_to_east/005_n00775_E.jpg,n00775,87.0,heading_rev_deg,True
houndsditch/east_to_west/001_n00789_W.jpg,n00789,328.7,heading_fwd_deg,True
houndsditch/west_to_east/005_n00789_E.jpg,n00789,148.7,heading_rev_deg,True
ironmonger_lane/north_to_south/008_n00804_S.jpg,n00804,181.0,heading_rev_deg,True
ironmonger_lane/south_to_north/001_n00804_N.jpg,n00804,1.0,heading_fwd_deg,True
king_william_street/north_to_south/027_n00825_S.jpg,n00825,194.9,heading_rev_deg,True
king_william_street/south_to_north/001_n00825_N.jpg,n00825,14.9,heading_fwd_deg,True
king_william_street/north_to_south/026_n00826_S.jpg,n00826,194.0,heading_rev_deg,True
king_william_street/south_to_north/002_n00826_N.jpg,n00826,14.0,heading_fwd_deg,True
king_william_street/north_to_south/025_n00827_S.jpg,n00827,194.5,heading_rev_deg,True
king_william_street/south_to_north/003_n00827_N.jpg,n00827,14.5,heading_fwd_deg,True
king_william_street/north_to_south/024_n00828_S.jpg,n00828,194.4,heading_rev_deg,True
king_william_street/south_to_north/004_n00828_N.jpg,n00828,14.4,heading_fwd_deg,True
king_william_street/north_to_south/023_n00829_S.jpg,n00829,194.2,heading_rev_deg,True
king_william_street/south_to_north/005_n00829_N.jpg,n00829,14.2,heading_fwd_deg,True
king_william_street/north_to_south/022_n00830_S.jpg,n00830,195.3,heading_rev_deg,True
king_william_street/south_to_north/006_n00830_N.jpg,n00830,15.3,heading_fwd_deg,True
king_william_street/north_to_south/021_n00831_S.jpg,n00831,196.4,heading_rev_deg,True
king_william_street/south_to_north/007_n00831_N.jpg,n00831,16.4,heading_fwd_deg,True
king_william_street/north_to_south/018_n00834_S.jpg,n00834,197.6,heading_rev_deg,True
king_william_street/south_to_north/010_n00834_N.jpg,n00834,17.6,heading_fwd_deg,True
king_william_street/north_to_south/017_n00835_S.jpg,n00835,183.4,heading_rev_deg,True
king_william_street/south_to_north/011_n00835_N.jpg,n00835,3.4,heading_fwd_deg,True
king_william_street/north_to_south/016_n00836_S.jpg,n00836,209.4,heading_rev_deg,True
king_william_street/south_to_north/012_n00836_N.jpg,n00836,29.4,heading_fwd_deg,True
king_william_street/north_to_south/015_n00838_S.jpg,n00838,107.6,heading_rev_deg,True
king_william_street/south_to_north/013_n00838_N.jpg,n00838,287.6,heading_fwd_deg,True
king_william_street/north_to_south/006_n00846_S.jpg,n00846,146.4,heading_rev_deg,True
king_william_street/south_to_north/022_n00846_N.jpg,n00846,326.4,heading_fwd_deg,True
king_s_arms_yard/east_to_west/003_n00854_W.jpg,n00854,263.3,heading_fwd_deg,True
king_s_arms_yard/west_to_east/004_n00854_E.jpg,n00854,83.3,heading_rev_deg,True
lambeth_hill/east_to_west/001_n00858_W.jpg,n00858,342.0,heading_fwd_deg,True
lambeth_hill/west_to_east/006_n00858_E.jpg,n00858,162.0,heading_rev_deg,True
lambeth_hill/east_to_west/004_n00861_W.jpg,n00861,312.4,heading_fwd_deg,True
lambeth_hill/west_to_east/003_n00861_E.jpg,n00861,132.4,heading_rev_deg,True
langthorn_court/east_to_west/001_n00864_W.jpg,n00864,0.0,heading_fwd_deg,True
langthorn_court/west_to_east/001_n00864_E.jpg,n00864,0.0,heading_fwd_deg,True
langthorn_court/east_to_west/002_n00865_W.jpg,n00865,0.0,heading_fwd_deg,True
langthorn_court/west_to_east/002_n00865_E.jpg,n00865,0.0,heading_fwd_deg,True
laurence_pountney_hill/north_to_south/008_n00866_S.jpg,n00866,262.3,heading_fwd_deg,True
laurence_pountney_hill/south_to_north/001_n00866_N.jpg,n00866,82.3,heading_rev_deg,True
laurence_pountney_hill/north_to_south/007_n00867_S.jpg,n00867,109.0,heading_rev_deg,True
laurence_pountney_hill/south_to_north/002_n00867_N.jpg,n00867,289.0,heading_fwd_deg,True
laurence_pountney_hill/north_to_south/005_n00868_S.jpg,n00868,109.6,heading_rev_deg,True
laurence_pountney_hill/south_to_north/003_n00868_N.jpg,n00868,289.6,heading_fwd_deg,True
laurence_pountney_hill/north_to_south/004_n00869_S.jpg,n00869,109.6,heading_fwd_deg,True
laurence_pountney_hill/south_to_north/005_n00869_N.jpg,n00869,289.6,heading_rev_deg,True
laurence_pountney_hill/north_to_south/006_n00870_S.jpg,n00870,184.1,heading_rev_deg,True
laurence_pountney_hill/south_to_north/004_n00870_N.jpg,n00870,4.1,heading_fwd_deg,True
laurence_pountney_hill/north_to_south/002_n00872_S.jpg,n00872,210.7,heading_rev_deg,True
laurence_pountney_hill/south_to_north/007_n00872_N.jpg,n00872,30.7,heading_fwd_deg,True
laurence_pountney_hill/north_to_south/001_n00873_S.jpg,n00873,210.7,heading_rev_deg,True
laurence_pountney_hill/south_to_north/008_n00873_N.jpg,n00873,30.7,heading_fwd_deg,True
leadenhall_street/east_to_west/014_n00907_W.jpg,n00907,252.8,heading_fwd_deg,True
leadenhall_street/west_to_east/002_n00907_E.jpg,n00907,72.8,heading_rev_deg,True
leadenhall_street/east_to_west/015_n00908_W.jpg,n00908,252.8,heading_fwd_deg,True
leadenhall_street/west_to_east/001_n00908_E.jpg,n00908,72.8,heading_rev_deg,True
lime_street/north_to_south/015_n00909_S.jpg,n00909,197.1,heading_rev_deg,True
lime_street/south_to_north/001_n00909_N.jpg,n00909,17.1,heading_fwd_deg,True
lime_street/north_to_south/014_n00910_S.jpg,n00910,201.9,heading_rev_deg,True
lime_street/south_to_north/002_n00910_N.jpg,n00910,21.9,heading_fwd_deg,True
lime_street/north_to_south/012_n00912_S.jpg,n00912,255.6,heading_rev_deg,True
lime_street/south_to_north/004_n00912_N.jpg,n00912,75.6,heading_fwd_deg,True
lime_street/north_to_south/010_n00914_S.jpg,n00914,246.7,heading_rev_deg,True
lime_street/south_to_north/006_n00914_N.jpg,n00914,66.7,heading_fwd_deg,True
lime_street/north_to_south/007_n00917_S.jpg,n00917,251.7,heading_rev_deg,True
lime_street/south_to_north/009_n00917_N.jpg,n00917,71.7,heading_fwd_deg,True
lime_street/north_to_south/005_n00919_S.jpg,n00919,203.0,heading_rev_deg,True
lime_street/south_to_north/011_n00919_N.jpg,n00919,23.0,heading_fwd_deg,True
lime_street/north_to_south/004_n00920_S.jpg,n00920,202.1,heading_rev_deg,True
lime_street/south_to_north/012_n00920_N.jpg,n00920,22.1,heading_fwd_deg,True
lime_street/north_to_south/003_n00921_S.jpg,n00921,200.3,heading_rev_deg,True
lime_street/south_to_north/013_n00921_N.jpg,n00921,20.3,heading_fwd_deg,True
lime_street/north_to_south/002_n00922_S.jpg,n00922,185.3,heading_rev_deg,True
lime_street/south_to_north/014_n00922_N.jpg,n00922,5.3,heading_fwd_deg,True
lime_street/north_to_south/001_n00923_S.jpg,n00923,185.3,heading_rev_deg,True
lime_street/south_to_north/015_n00923_N.jpg,n00923,5.3,heading_fwd_deg,True
lime_street_passage/north_to_south/005_n00924_S.jpg,n00924,153.8,heading_rev_deg,True
lime_street_passage/south_to_north/001_n00924_N.jpg,n00924,333.8,heading_fwd_deg,True
lime_street_passage/north_to_south/002_n00927_S.jpg,n00927,190.8,heading_rev_deg,True
lime_street_passage/south_to_north/004_n00927_N.jpg,n00927,10.8,heading_fwd_deg,True
little_trinity_lane/north_to_south/007_n00936_S.jpg,n00936,266.7,heading_fwd_deg,True
little_trinity_lane/south_to_north/001_n00936_N.jpg,n00936,86.7,heading_rev_deg,True
little_trinity_lane/north_to_south/006_n00937_S.jpg,n00937,95.8,heading_rev_deg,True
little_trinity_lane/south_to_north/002_n00937_N.jpg,n00937,275.8,heading_fwd_deg,True
little_trinity_lane/north_to_south/004_n00939_S.jpg,n00939,189.4,heading_rev_deg,True
little_trinity_lane/south_to_north/004_n00939_N.jpg,n00939,9.4,heading_fwd_deg,True
little_trinity_lane/north_to_south/003_n00940_S.jpg,n00940,191.0,heading_rev_deg,True
little_trinity_lane/south_to_north/005_n00940_N.jpg,n00940,11.0,heading_fwd_deg,True
little_trinity_lane/north_to_south/002_n00941_S.jpg,n00941,190.6,heading_rev_deg,True
little_trinity_lane/south_to_north/006_n00941_N.jpg,n00941,10.6,heading_fwd_deg,True
little_trinity_lane/north_to_south/001_n00942_S.jpg,n00942,190.6,heading_rev_deg,True
little_trinity_lane/south_to_north/007_n00942_N.jpg,n00942,10.6,heading_fwd_deg,True
liverpool_street/east_to_west/001_n00943_W.jpg,n00943,313.7,heading_fwd_deg,True
liverpool_street/west_to_east/013_n00943_E.jpg,n00943,133.7,heading_rev_deg,True
lombard_street/east_to_west/013_n00971_W.jpg,n00971,254.9,heading_fwd_deg,True
lombard_street/west_to_east/005_n00971_E.jpg,n00971,74.9,heading_rev_deg,True
lombard_street/east_to_west/014_n00972_W.jpg,n00972,344.0,heading_fwd_deg,True
lombard_street/west_to_east/004_n00972_E.jpg,n00972,164.0,heading_rev_deg,True
lombard_street/east_to_west/016_n00974_W.jpg,n00974,338.5,heading_fwd_deg,True
lombard_street/west_to_east/002_n00974_E.jpg,n00974,158.5,heading_rev_deg,True
lombard_street/east_to_west/017_n00975_W.jpg,n00975,338.5,heading_fwd_deg,True
lombard_street/west_to_east/001_n00975_E.jpg,n00975,158.5,heading_rev_deg,True
london_wall/east_to_west/012_n01001_W.jpg,n01001,296.0,heading_fwd_deg,True
london_wall/west_to_east/064_n01001_E.jpg,n01001,116.0,heading_rev_deg,True
london_wall/east_to_west/011_n01002_W.jpg,n01002,296.1,heading_fwd_deg,True
london_wall/west_to_east/065_n01002_E.jpg,n01002,116.1,heading_rev_deg,True
london_wall/east_to_west/013_n01007_W.jpg,n01007,295.3,heading_fwd_deg,True
london_wall/west_to_east/063_n01007_E.jpg,n01007,115.3,heading_rev_deg,True
london_wall/east_to_west/015_n01012_W.jpg,n01012,295.3,heading_fwd_deg,True
london_wall/west_to_east/061_n01012_E.jpg,n01012,115.3,heading_rev_deg,True
london_wall/east_to_west/017_n01016_W.jpg,n01016,304.7,heading_fwd_deg,True
london_wall/west_to_east/059_n01016_E.jpg,n01016,124.7,heading_rev_deg,True
london_wall/east_to_west/027_n01034_W.jpg,n01034,296.9,heading_fwd_deg,True
london_wall/west_to_east/049_n01034_E.jpg,n01034,116.9,heading_rev_deg,True
lovat_lane/north_to_south/003_n01070_S.jpg,n01070,177.1,heading_rev_deg,True
lovat_lane/south_to_north/005_n01070_N.jpg,n01070,357.1,heading_fwd_deg,True
lower_thames_street/east_to_west/003_n01078_W.jpg,n01078,304.3,heading_fwd_deg,True
lower_thames_street/west_to_east/046_n01078_E.jpg,n01078,124.3,heading_rev_deg,True
lower_thames_street/east_to_west/002_n01080_W.jpg,n01080,298.3,heading_fwd_deg,True
lower_thames_street/west_to_east/048_n01080_E.jpg,n01080,118.3,heading_rev_deg,True
lower_thames_street/east_to_west/008_n01084_W.jpg,n01084,318.9,heading_fwd_deg,True
lower_thames_street/west_to_east/042_n01084_E.jpg,n01084,138.9,heading_rev_deg,True
lower_thames_street/east_to_west/009_n01087_W.jpg,n01087,318.9,heading_fwd_deg,True
lower_thames_street/west_to_east/041_n01087_E.jpg,n01087,138.9,heading_rev_deg,True
lower_thames_street/east_to_west/007_n01089_W.jpg,n01089,299.1,heading_fwd_deg,True
lower_thames_street/west_to_east/043_n01089_E.jpg,n01089,119.1,heading_rev_deg,True
mansion_house_place/north_to_south/007_n01126_S.jpg,n01126,105.7,heading_rev_deg,True
mansion_house_place/south_to_north/001_n01126_N.jpg,n01126,285.7,heading_fwd_deg,True
mansion_house_place/north_to_south/006_n01127_S.jpg,n01127,117.3,heading_rev_deg,True
mansion_house_place/south_to_north/002_n01127_N.jpg,n01127,297.3,heading_fwd_deg,True
mansion_house_place/north_to_south/005_n01128_S.jpg,n01128,120.5,heading_rev_deg,True
mansion_house_place/south_to_north/003_n01128_N.jpg,n01128,300.5,heading_fwd_deg,True
mansion_house_place/north_to_south/004_n01129_S.jpg,n01129,198.7,heading_rev_deg,True
mansion_house_place/south_to_north/004_n01129_N.jpg,n01129,18.7,heading_fwd_deg,True
mansion_house_place/north_to_south/003_n01130_S.jpg,n01130,196.0,heading_rev_deg,True
mansion_house_place/south_to_north/005_n01130_N.jpg,n01130,16.0,heading_fwd_deg,True
mansion_house_place/north_to_south/002_n01131_S.jpg,n01131,188.2,heading_rev_deg,True
mansion_house_place/south_to_north/006_n01131_N.jpg,n01131,8.2,heading_fwd_deg,True
mansion_house_place/north_to_south/001_n01132_S.jpg,n01132,188.2,heading_rev_deg,True
mansion_house_place/south_to_north/007_n01132_N.jpg,n01132,8.2,heading_fwd_deg,True
mark_lane/north_to_south/013_n01136_S.jpg,n01136,220.7,heading_rev_deg,True
mark_lane/south_to_north/001_n01136_N.jpg,n01136,40.7,heading_fwd_deg,True
mark_lane/north_to_south/003_n01146_S.jpg,n01146,165.4,heading_rev_deg,True
mark_lane/south_to_north/011_n01146_N.jpg,n01146,345.4,heading_fwd_deg,True
mark_lane/north_to_south/002_n01147_S.jpg,n01147,156.7,heading_rev_deg,True
mark_lane/south_to_north/012_n01147_N.jpg,n01147,336.7,heading_fwd_deg,True
mark_lane/north_to_south/001_n01148_S.jpg,n01148,156.7,heading_rev_deg,True
mark_lane/south_to_north/013_n01148_N.jpg,n01148,336.7,heading_fwd_deg,True
mincing_lane/north_to_south/010_n01165_S.jpg,n01165,208.7,heading_rev_deg,True
mincing_lane/south_to_north/001_n01165_N.jpg,n01165,28.7,heading_fwd_deg,True
mincing_lane/north_to_south/005_n01170_S.jpg,n01170,162.0,heading_rev_deg,True
mincing_lane/south_to_north/006_n01170_N.jpg,n01170,342.0,heading_fwd_deg,True
mincing_lane/north_to_south/002_n01173_S.jpg,n01173,146.6,heading_rev_deg,True
mincing_lane/south_to_north/009_n01173_N.jpg,n01173,326.6,heading_fwd_deg,True
mincing_lane/north_to_south/001_n01174_S.jpg,n01174,146.6,heading_rev_deg,True
mincing_lane/south_to_north/010_n01174_N.jpg,n01174,326.6,heading_fwd_deg,True
monkwell_square/east_to_west/003_n01175_W.jpg,n01175,0.0,heading_fwd_deg,True
monkwell_square/west_to_east/006_n01175_E.jpg,n01175,0.0,heading_fwd_deg,True
monkwell_square/east_to_west/004_n01178_W.jpg,n01178,0.0,heading_fwd_deg,True
monkwell_square/west_to_east/007_n01178_E.jpg,n01178,0.0,heading_fwd_deg,True
monkwell_square/east_to_west/006_n01183_W.jpg,n01183,0.0,heading_fwd_deg,True
monkwell_square/west_to_east/004_n01183_E.jpg,n01183,0.0,heading_fwd_deg,True
monkwell_square/east_to_west/007_n01184_W.jpg,n01184,0.0,heading_fwd_deg,True
monkwell_square/west_to_east/005_n01184_E.jpg,n01184,0.0,heading_fwd_deg,True
monument_street/east_to_west/001_n01185_W.jpg,n01185,337.5,heading_fwd_deg,True
monument_street/west_to_east/008_n01185_E.jpg,n01185,157.5,heading_rev_deg,True
monument_street/east_to_west/006_n01190_W.jpg,n01190,282.1,heading_fwd_deg,True
monument_street/west_to_east/003_n01190_E.jpg,n01190,102.1,heading_rev_deg,True
monument_street/east_to_west/007_n01191_W.jpg,n01191,275.1,heading_fwd_deg,True
monument_street/west_to_east/002_n01191_E.jpg,n01191,95.1,heading_rev_deg,True
moorfields/north_to_south/002_n01196_S.jpg,n01196,186.0,heading_rev_deg,True
moorfields/south_to_north/002_n01196_N.jpg,n01196,6.0,heading_fwd_deg,True
moorfields/north_to_south/001_n01197_S.jpg,n01197,186.0,heading_rev_deg,True
moorfields/south_to_north/003_n01197_N.jpg,n01197,6.0,heading_fwd_deg,True
moorgate/north_to_south/021_n01198_S.jpg,n01198,212.7,heading_rev_deg,True
moorgate/south_to_north/001_n01198_N.jpg,n01198,32.7,heading_fwd_deg,True
moorgate/north_to_south/007_n01212_S.jpg,n01212,177.3,heading_rev_deg,True
moorgate/south_to_north/015_n01212_N.jpg,n01212,357.3,heading_fwd_deg,True
new_broad_street/east_to_west/001_n01219_W.jpg,n01219,280.6,heading_fwd_deg,True
new_broad_street/west_to_east/012_n01219_E.jpg,n01219,100.6,heading_rev_deg,True
new_broad_street/east_to_west/002_n01220_W.jpg,n01220,283.6,heading_fwd_deg,True
new_broad_street/west_to_east/011_n01220_E.jpg,n01220,103.6,heading_rev_deg,True
new_broad_street/east_to_west/003_n01221_W.jpg,n01221,284.3,heading_fwd_deg,True
new_broad_street/west_to_east/010_n01221_E.jpg,n01221,104.3,heading_rev_deg,True
new_broad_street/east_to_west/004_n01222_W.jpg,n01222,285.8,heading_fwd_deg,True
new_broad_street/west_to_east/009_n01222_E.jpg,n01222,105.8,heading_rev_deg,True
new_broad_street/east_to_west/005_n01223_W.jpg,n01223,287.5,heading_fwd_deg,True
new_broad_street/west_to_east/008_n01223_E.jpg,n01223,107.5,heading_rev_deg,True
new_broad_street/east_to_west/006_n01224_W.jpg,n01224,293.5,heading_fwd_deg,True
new_broad_street/west_to_east/007_n01224_E.jpg,n01224,113.5,heading_rev_deg,True
new_broad_street/east_to_west/007_n01225_W.jpg,n01225,188.5,heading_rev_deg,True
new_broad_street/west_to_east/006_n01225_E.jpg,n01225,8.5,heading_fwd_deg,True
new_broad_street/east_to_west/009_n01226_W.jpg,n01226,238.7,heading_rev_deg,True
new_broad_street/west_to_east/004_n01226_E.jpg,n01226,58.7,heading_fwd_deg,True
new_broad_street/east_to_west/008_n01227_W.jpg,n01227,195.0,heading_rev_deg,True
new_broad_street/west_to_east/005_n01227_E.jpg,n01227,15.0,heading_fwd_deg,True
new_broad_street/east_to_west/010_n01228_W.jpg,n01228,226.3,heading_rev_deg,True
new_broad_street/west_to_east/003_n01228_E.jpg,n01228,46.3,heading_fwd_deg,True
new_broad_street/east_to_west/011_n01229_W.jpg,n01229,214.7,heading_rev_deg,True
new_broad_street/west_to_east/002_n01229_E.jpg,n01229,34.7,heading_fwd_deg,True
new_broad_street/east_to_west/012_n01230_W.jpg,n01230,214.7,heading_rev_deg,True
new_broad_street/west_to_east/001_n01230_E.jpg,n01230,34.7,heading_fwd_deg,True
new_change/north_to_south/010_n01231_S.jpg,n01231,191.1,heading_rev_deg,True
new_change/south_to_north/001_n01231_N.jpg,n01231,11.1,heading_fwd_deg,True
new_change/north_to_south/009_n01232_S.jpg,n01232,187.8,heading_rev_deg,True
new_change/south_to_north/002_n01232_N.jpg,n01232,7.8,heading_fwd_deg,True
new_change/north_to_south/005_n01236_S.jpg,n01236,154.8,heading_rev_deg,True
new_change/south_to_north/006_n01236_N.jpg,n01236,334.8,heading_fwd_deg,True
new_change/north_to_south/004_n01237_S.jpg,n01237,146.0,heading_rev_deg,True
new_change/south_to_north/007_n01237_N.jpg,n01237,326.0,heading_fwd_deg,True
new_change/north_to_south/003_n01238_S.jpg,n01238,152.5,heading_rev_deg,True
new_change/south_to_north/008_n01238_N.jpg,n01238,332.5,heading_fwd_deg,True
nicholas_lane/north_to_south/007_n01252_S.jpg,n01252,168.6,heading_rev_deg,True
nicholas_lane/south_to_north/003_n01252_N.jpg,n01252,348.6,heading_fwd_deg,True
nicholas_lane/north_to_south/006_n01253_S.jpg,n01253,238.0,heading_rev_deg,True
nicholas_lane/south_to_north/004_n01253_N.jpg,n01253,58.0,heading_fwd_deg,True
oat_lane/east_to_west/001_n01271_W.jpg,n01271,200.2,heading_rev_deg,True
oat_lane/west_to_east/004_n01271_E.jpg,n01271,20.2,heading_fwd_deg,True
oat_lane/east_to_west/002_n01272_W.jpg,n01272,283.4,heading_fwd_deg,True
oat_lane/west_to_east/003_n01272_E.jpg,n01272,103.4,heading_rev_deg,True
oat_lane/east_to_west/003_n01273_W.jpg,n01273,294.0,heading_fwd_deg,True
oat_lane/west_to_east/002_n01273_E.jpg,n01273,114.0,heading_rev_deg,True
oat_lane/east_to_west/004_n01274_W.jpg,n01274,294.0,heading_fwd_deg,True
oat_lane/west_to_east/001_n01274_E.jpg,n01274,114.0,heading_rev_deg,True
old_broad_street/north_to_south/016_n01286_S.jpg,n01286,231.1,heading_rev_deg,True
old_broad_street/south_to_north/008_n01286_N.jpg,n01286,51.1,heading_fwd_deg,True
old_broad_street/north_to_south/006_n01296_S.jpg,n01296,193.8,heading_rev_deg,True
old_broad_street/south_to_north/018_n01296_N.jpg,n01296,13.8,heading_fwd_deg,True
old_broad_street/north_to_south/005_n01297_S.jpg,n01297,194.5,heading_rev_deg,True
old_broad_street/south_to_north/019_n01297_N.jpg,n01297,14.5,heading_fwd_deg,True
old_broad_street/north_to_south/004_n01298_S.jpg,n01298,193.8,heading_rev_deg,True
old_broad_street/south_to_north/020_n01298_N.jpg,n01298,13.8,heading_fwd_deg,True
old_broad_street/north_to_south/003_n01299_S.jpg,n01299,189.2,heading_rev_deg,True
old_broad_street/south_to_north/021_n01299_N.jpg,n01299,9.2,heading_fwd_deg,True
outwich_street/east_to_west/003_n01318_W.jpg,n01318,270.0,heading_rev_deg,True
outwich_street/west_to_east/001_n01318_E.jpg,n01318,90.0,heading_fwd_deg,True
outwich_street/east_to_west/002_n01319_W.jpg,n01319,223.4,heading_rev_deg,True
outwich_street/west_to_east/002_n01319_E.jpg,n01319,43.4,heading_fwd_deg,True
outwich_street/east_to_west/001_n01320_W.jpg,n01320,223.4,heading_rev_deg,True
outwich_street/west_to_east/003_n01320_E.jpg,n01320,43.4,heading_fwd_deg,True
paternoster_row/east_to_west/001_n01333_W.jpg,n01333,188.8,heading_rev_deg,True
paternoster_row/west_to_east/004_n01333_E.jpg,n01333,8.8,heading_fwd_deg,True
paternoster_row/east_to_west/004_n01334_W.jpg,n01334,263.7,heading_rev_deg,True
paternoster_row/west_to_east/001_n01334_E.jpg,n01334,83.7,heading_fwd_deg,True
paternoster_row/east_to_west/003_n01336_W.jpg,n01336,263.7,heading_rev_deg,True
paternoster_row/west_to_east/002_n01336_E.jpg,n01336,83.7,heading_fwd_deg,True
plantation_lane/east_to_west/003_n01350_W.jpg,n01350,258.3,heading_fwd_deg,True
plantation_lane/west_to_east/004_n01350_E.jpg,n01350,78.3,heading_rev_deg,True
princes_street/north_to_south/009_n01364_S.jpg,n01364,177.1,heading_rev_deg,True
princes_street/south_to_north/001_n01364_N.jpg,n01364,357.1,heading_fwd_deg,True
princes_street/north_to_south/002_n01371_S.jpg,n01371,190.2,heading_rev_deg,True
princes_street/south_to_north/008_n01371_N.jpg,n01371,10.2,heading_fwd_deg,True
princes_street/north_to_south/001_n01372_S.jpg,n01372,190.2,heading_rev_deg,True
princes_street/south_to_north/009_n01372_N.jpg,n01372,10.2,heading_fwd_deg,True
pudding_lane/north_to_south/002_n01378_S.jpg,n01378,177.0,heading_rev_deg,True
pudding_lane/south_to_north/006_n01378_N.jpg,n01378,357.0,heading_fwd_deg,True
pudding_lane/north_to_south/001_n01379_S.jpg,n01379,177.0,heading_rev_deg,True
pudding_lane/south_to_north/007_n01379_N.jpg,n01379,357.0,heading_fwd_deg,True
queen_victoria_street/east_to_west/047_n01400_W.jpg,n01400,279.5,heading_rev_deg,True
queen_victoria_street/west_to_east/001_n01400_E.jpg,n01400,99.5,heading_fwd_deg,True
queen_victoria_street/east_to_west/045_n01401_W.jpg,n01401,277.3,heading_rev_deg,True
queen_victoria_street/west_to_east/003_n01401_E.jpg,n01401,97.3,heading_fwd_deg,True
queen_victoria_street/east_to_west/044_n01404_W.jpg,n01404,276.7,heading_rev_deg,True
queen_victoria_street/west_to_east/004_n01404_E.jpg,n01404,96.7,heading_fwd_deg,True
queen_victoria_street/east_to_west/043_n01406_W.jpg,n01406,271.2,heading_rev_deg,True
queen_victoria_street/west_to_east/005_n01406_E.jpg,n01406,91.2,heading_fwd_deg,True
queen_victoria_street/east_to_west/039_n01412_W.jpg,n01412,273.8,heading_rev_deg,True
queen_victoria_street/west_to_east/009_n01412_E.jpg,n01412,93.8,heading_fwd_deg,True
queen_victoria_street/east_to_west/029_n01427_W.jpg,n01427,236.3,heading_rev_deg,True
queen_victoria_street/west_to_east/019_n01427_E.jpg,n01427,56.3,heading_fwd_deg,True
queen_victoria_street/east_to_west/027_n01431_W.jpg,n01431,272.6,heading_rev_deg,True
queen_victoria_street/west_to_east/021_n01431_E.jpg,n01431,92.6,heading_fwd_deg,True
queen_victoria_street/east_to_west/026_n01433_W.jpg,n01433,223.5,heading_rev_deg,True
queen_victoria_street/west_to_east/022_n01433_E.jpg,n01433,43.5,heading_fwd_deg,True
queen_victoria_street/east_to_west/013_n01445_W.jpg,n01445,235.9,heading_rev_deg,True
queen_victoria_street/west_to_east/035_n01445_E.jpg,n01445,55.9,heading_fwd_deg,True
queen_victoria_street/east_to_west/010_n01446_W.jpg,n01446,235.9,heading_rev_deg,True
queen_victoria_street/west_to_east/038_n01446_E.jpg,n01446,55.9,heading_fwd_deg,True
royal_exchange_avenue/east_to_west/001_n01458_W.jpg,n01458,344.4,heading_fwd_deg,True
royal_exchange_avenue/west_to_east/003_n01458_E.jpg,n01458,164.4,heading_rev_deg,True
royal_exchange_avenue/east_to_west/002_n01459_W.jpg,n01459,278.9,heading_fwd_deg,True
royal_exchange_avenue/west_to_east/002_n01459_E.jpg,n01459,98.9,heading_rev_deg,True
royal_exchange_avenue/east_to_west/003_n01460_W.jpg,n01460,278.9,heading_fwd_deg,True
royal_exchange_avenue/west_to_east/001_n01460_E.jpg,n01460,98.9,heading_rev_deg,True
saint_mary_axe/north_to_south/003_n01480_S.jpg,n01480,224.0,heading_rev_deg,True
saint_mary_axe/south_to_north/010_n01480_N.jpg,n01480,44.0,heading_fwd_deg,True
sherborne_lane/north_to_south/005_n01486_S.jpg,n01486,148.6,heading_rev_deg,True
sherborne_lane/south_to_north/001_n01486_N.jpg,n01486,328.6,heading_fwd_deg,True
ship_tavern_passage/east_to_west/002_n01492_W.jpg,n01492,205.5,heading_rev_deg,True
ship_tavern_passage/west_to_east/002_n01492_E.jpg,n01492,25.5,heading_fwd_deg,True
st_paul_s_churchyard/north_to_south/010_n01504_S.jpg,n01504,119.2,heading_rev_deg,True
st_paul_s_churchyard/south_to_north/001_n01504_N.jpg,n01504,299.2,heading_fwd_deg,True
st_paul_s_churchyard/north_to_south/001_n01507_S.jpg,n01507,256.8,heading_fwd_deg,True
st_paul_s_churchyard/south_to_north/010_n01507_N.jpg,n01507,76.8,heading_rev_deg,True
st_paul_s_churchyard/north_to_south/007_n01510_S.jpg,n01510,123.9,heading_rev_deg,True
st_paul_s_churchyard/south_to_north/004_n01510_N.jpg,n01510,303.9,heading_fwd_deg,True
st_paul_s_churchyard/north_to_south/004_n01511_S.jpg,n01511,264.5,heading_fwd_deg,True
st_paul_s_churchyard/south_to_north/007_n01511_N.jpg,n01511,84.5,heading_rev_deg,True
st_paul_s_churchyard/north_to_south/006_n01512_S.jpg,n01512,123.9,heading_rev_deg,True
st_paul_s_churchyard/south_to_north/005_n01512_N.jpg,n01512,303.9,heading_fwd_deg,True
st_stephen_s_row/east_to_west/002_n01516_W.jpg,n01516,231.0,heading_rev_deg,True
st_stephen_s_row/west_to_east/003_n01516_E.jpg,n01516,51.0,heading_fwd_deg,True
st_stephen_s_row/east_to_west/001_n01517_W.jpg,n01517,231.0,heading_rev_deg,True
st_stephen_s_row/west_to_east/004_n01517_E.jpg,n01517,51.0,heading_fwd_deg,True
st_swithin_s_lane/north_to_south/002_n01525_S.jpg,n01525,228.0,heading_rev_deg,True
st_swithin_s_lane/south_to_north/008_n01525_N.jpg,n01525,48.0,heading_fwd_deg,True
st_swithin_s_lane/north_to_south/001_n01526_S.jpg,n01526,228.0,heading_rev_deg,True
st_swithin_s_lane/south_to_north/009_n01526_N.jpg,n01526,48.0,heading_fwd_deg,True
st_dunstan_s_hill/north_to_south/009_n01532_S.jpg,n01532,188.9,heading_rev_deg,True
st_dunstan_s_hill/south_to_north/001_n01532_N.jpg,n01532,8.9,heading_fwd_deg,True
st_dunstan_s_hill/north_to_south/007_n01534_S.jpg,n01534,180.3,heading_rev_deg,True
st_dunstan_s_hill/south_to_north/003_n01534_N.jpg,n01534,0.3,heading_fwd_deg,True
st_dunstan_s_hill/north_to_south/005_n01536_S.jpg,n01536,180.3,heading_rev_deg,True
st_dunstan_s_hill/south_to_north/005_n01536_N.jpg,n01536,0.3,heading_fwd_deg,True
st_dunstan_s_hill/north_to_south/002_n01539_S.jpg,n01539,207.0,heading_rev_deg,True
st_dunstan_s_hill/south_to_north/008_n01539_N.jpg,n01539,27.0,heading_fwd_deg,True
st_dunstan_s_hill/north_to_south/001_n01540_S.jpg,n01540,207.0,heading_rev_deg,True
st_dunstan_s_hill/south_to_north/009_n01540_N.jpg,n01540,27.0,heading_fwd_deg,True
st_martin_s_le_grand/north_to_south/012_n01544_S.jpg,n01544,249.7,heading_rev_deg,True
st_martin_s_le_grand/south_to_north/001_n01544_N.jpg,n01544,69.7,heading_fwd_deg,True
st_martin_s_le_grand/north_to_south/011_n01545_S.jpg,n01545,216.2,heading_rev_deg,True
st_martin_s_le_grand/south_to_north/002_n01545_N.jpg,n01545,36.2,heading_fwd_deg,True
st_martin_s_le_grand/north_to_south/007_n01549_S.jpg,n01549,163.4,heading_rev_deg,True
st_martin_s_le_grand/south_to_north/006_n01549_N.jpg,n01549,343.4,heading_fwd_deg,True
st_michaels_alley/north_to_south/007_n01564_S.jpg,n01564,194.3,heading_rev_deg,True
st_michaels_alley/south_to_north/001_n01564_N.jpg,n01564,14.3,heading_fwd_deg,True
st_michaels_alley/north_to_south/003_n01565_S.jpg,n01565,112.8,heading_fwd_deg,True
st_michaels_alley/south_to_north/004_n01565_N.jpg,n01565,292.8,heading_rev_deg,True
st_michaels_alley/north_to_south/004_n01566_S.jpg,n01566,189.5,heading_rev_deg,True
st_michaels_alley/south_to_north/005_n01566_N.jpg,n01566,9.5,heading_fwd_deg,True
st_michaels_alley/north_to_south/006_n01567_S.jpg,n01567,259.5,heading_rev_deg,True
st_michaels_alley/south_to_north/002_n01567_N.jpg,n01567,79.5,heading_fwd_deg,True
st_michaels_alley/north_to_south/005_n01569_S.jpg,n01569,259.5,heading_rev_deg,True
st_michaels_alley/south_to_north/003_n01569_N.jpg,n01569,79.5,heading_fwd_deg,True
suffolk_lane/north_to_south/002_n01586_S.jpg,n01586,238.9,heading_rev_deg,True
suffolk_lane/south_to_north/005_n01586_N.jpg,n01586,58.9,heading_fwd_deg,True
suffolk_lane/north_to_south/001_n01587_S.jpg,n01587,238.9,heading_rev_deg,True
suffolk_lane/south_to_north/006_n01587_N.jpg,n01587,58.9,heading_fwd_deg,True
sun_street_passage/north_to_south/003_n01591_S.jpg,n01591,190.1,heading_rev_deg,True
sun_street_passage/south_to_north/004_n01591_N.jpg,n01591,10.1,heading_fwd_deg,True
sun_street_passage/north_to_south/002_n01592_S.jpg,n01592,221.9,heading_rev_deg,True
sun_street_passage/south_to_north/005_n01592_N.jpg,n01592,41.9,heading_fwd_deg,True
sun_street_passage/north_to_south/001_n01593_S.jpg,n01593,221.9,heading_rev_deg,True
sun_street_passage/south_to_north/006_n01593_N.jpg,n01593,41.9,heading_fwd_deg,True
threadneedle_street/east_to_west/014_n01607_W.jpg,n01607,279.6,heading_rev_deg,True
threadneedle_street/west_to_east/001_n01607_E.jpg,n01607,99.6,heading_fwd_deg,True
threadneedle_street/east_to_west/001_n01620_W.jpg,n01620,277.4,heading_rev_deg,True
threadneedle_street/west_to_east/014_n01620_E.jpg,n01620,97.4,heading_fwd_deg,True
throgmorton_avenue/north_to_south/006_n01631_S.jpg,n01631,180.0,heading_rev_deg,True
throgmorton_avenue/south_to_north/001_n01631_N.jpg,n01631,0.0,heading_fwd_deg,True
throgmorton_avenue/north_to_south/007_n01634_S.jpg,n01634,202.0,heading_rev_deg,True
throgmorton_avenue/south_to_north/002_n01634_N.jpg,n01634,22.0,heading_fwd_deg,True
throgmorton_street/east_to_west/009_n01638_W.jpg,n01638,240.7,heading_rev_deg,True
throgmorton_street/west_to_east/001_n01638_E.jpg,n01638,60.7,heading_fwd_deg,True
throgmorton_street/east_to_west/002_n01645_W.jpg,n01645,294.1,heading_rev_deg,True
throgmorton_street/west_to_east/008_n01645_E.jpg,n01645,114.1,heading_fwd_deg,True
throgmorton_street/east_to_west/001_n01646_W.jpg,n01646,294.1,heading_rev_deg,True
throgmorton_street/west_to_east/009_n01646_E.jpg,n01646,114.1,heading_fwd_deg,True
tokenhouse_yard/north_to_south/002_n01651_S.jpg,n01651,231.5,heading_rev_deg,True
tokenhouse_yard/south_to_north/005_n01651_N.jpg,n01651,51.5,heading_fwd_deg,True
tokenhouse_yard/north_to_south/001_n01652_S.jpg,n01652,231.5,heading_rev_deg,True
tokenhouse_yard/south_to_north/006_n01652_N.jpg,n01652,51.5,heading_fwd_deg,True
trig_lane/east_to_west/001_n01653_W.jpg,n01653,0.0,heading_fwd_deg,True
trig_lane/west_to_east/001_n01653_E.jpg,n01653,0.0,heading_fwd_deg,True
trig_lane/east_to_west/002_n01654_W.jpg,n01654,0.0,heading_fwd_deg,True
trig_lane/west_to_east/002_n01654_E.jpg,n01654,0.0,heading_fwd_deg,True
undershaft/east_to_west/008_n01659_W.jpg,n01659,207.2,heading_rev_deg,True
undershaft/west_to_east/001_n01659_E.jpg,n01659,27.2,heading_fwd_deg,True
undershaft/east_to_west/007_n01660_W.jpg,n01660,223.4,heading_rev_deg,True
undershaft/west_to_east/002_n01660_E.jpg,n01660,43.4,heading_fwd_deg,True
undershaft/east_to_west/005_n01662_W.jpg,n01662,227.5,heading_rev_deg,True
undershaft/west_to_east/004_n01662_E.jpg,n01662,47.5,heading_fwd_deg,True
undershaft/east_to_west/002_n01665_W.jpg,n01665,284.4,heading_rev_deg,True
undershaft/west_to_east/007_n01665_E.jpg,n01665,104.4,heading_fwd_deg,True
undershaft/east_to_west/001_n01666_W.jpg,n01666,284.4,heading_rev_deg,True
undershaft/west_to_east/008_n01666_E.jpg,n01666,104.4,heading_fwd_deg,True
upper_thames_street/east_to_west/008_n01669_W.jpg,n01669,305.2,heading_fwd_deg,True
upper_thames_street/west_to_east/055_n01669_E.jpg,n01669,125.2,heading_rev_deg,True
upper_thames_street/east_to_west/004_n01673_W.jpg,n01673,261.4,heading_fwd_deg,True
upper_thames_street/west_to_east/060_n01673_E.jpg,n01673,81.4,heading_rev_deg,True
upper_thames_street/east_to_west/059_n01724_W.jpg,n01724,258.4,heading_fwd_deg,True
upper_thames_street/west_to_east/005_n01724_E.jpg,n01724,78.4,heading_rev_deg,True
upper_thames_street/east_to_west/063_n01729_W.jpg,n01729,263.4,heading_fwd_deg,True
upper_thames_street/west_to_east/001_n01729_E.jpg,n01729,83.4,heading_rev_deg,True
walbrook/north_to_south/003_n01737_S.jpg,n01737,253.3,heading_rev_deg,True
walbrook/south_to_north/008_n01737_N.jpg,n01737,73.3,heading_fwd_deg,True
watling_court/north_to_south/003_n01746_S.jpg,n01746,159.3,heading_rev_deg,True
watling_court/south_to_north/001_n01746_N.jpg,n01746,339.3,heading_fwd_deg,True
