section,street,n,M,sd
1,1st Avenue,3,0.5308162232249635,0.050358824054021895
2,1st Avenue,3,0.39557233208547865,0.04182519833339706
3,1st Avenue,3,0.6998201095451827,0.07272125449383604
4,1st Avenue,2,0.6529933975495186,0.035986706716712155
5,1st Avenue,2,0.20735459187316688,0.009191264028157696
6,1st Avenue,3,0.4498001870901546,0.008233578370678608
7,1st Avenue,3,0.5101005962440911,0.056241656596774124
8,1st Avenue,1,0.5058898129965409,
9,2nd Avenue,3,0.6297392787205731,0.056083304165078396
10,2nd Avenue,2,0.5176695491439245,0.038558559261337506
11,2nd Avenue,2,0.6196926347723891,0.015739339250373675
12,2nd Avenue,3,0.7340470752779158,0.055349199428170605
13,2nd Avenue,3,0.5832626668406214,0.044860983220562436
14,2nd Avenue,3,0.2707349148373197,0.1364054387254852
15,2nd Avenue,3,0.6175383085523453,0.1184203763980703
16,2nd Avenue,3,0.4324795403057619,0.13010669130320052
17,2nd Avenue,1,0.5028843244722478,
18,3rd Avenue,1,0.5435308345449381,
19,3rd Avenue,3,0.6776832838495493,0.03550234681484553
20,3rd Avenue,3,0.6741373575063658,0.10747960174667517
21,3rd Avenue,3,0.639937871381313,0.057407073834728053
22,3rd Avenue,3,0.5863578567548782,0.03648286504783685
23,3rd Avenue,3,0.6630449907796502,0.012038767435408661
24,3rd Avenue,3,0.5922960114043913,0.070200396012284
25,3rd Avenue,2,0.2921489241395726,0.007087075456202734
26,3rd Avenue,3,0.5409156608053735,0.04156268938513792
27,East 34th Street,7,0.6545936944984204,0.06097418209551944
28,East 34th Street,6,0.6371469673845512,0.10349300943200805
29,East 34th Street,6,0.5842486182134926,0.07014172038051525
30,East 34th Street,2,0.7264316983083519,0.04682803781645554
31,East 34th Street,5,0.6509369428997516,0.04617550224845274
32,East 34th Street,2,0.5625925847609272,0.008465966499396118
33,East 34th Street,7,0.6791174395147187,0.01922516769932188
34,East 35th Street,6,0.6090737747140973,0.15148542033759216
35,East 35th Street,6,0.7951958719969774,0.031185147244177487
36,East 35th Street,7,0.7619972321780976,0.0393682683269271
37,East 35th Street,3,0.7426196334342435,0.028133807780956102
38,East 35th Street,6,0.7100522879056683,0.04643187775543319
39,East 35th Street,2,0.4584713759915484,0.0273647184310954
40,East 35th Street,7,0.6780095182876421,0.08417408557209805
41,East 36th Street,6,0.7068588876038199,0.06918290728799581
42,East 36th Street,6,0.7839432326517407,0.05461379959139031
43,East 36th Street,7,0.6776639000093466,0.10430628654659625
44,East 36th Street,9,0.5721808879899791,0.08122312045072072
45,East 36th Street,1,0.6270185266325017,
46,East 36th Street,7,0.4353308644892812,0.08501597485331473
47,East 37th Street,6,0.7026874080976154,0.09841050229124716
48,East 37th Street,6,0.7696516522047349,0.0330131773150352
49,East 37th Street,7,0.6687781457302482,0.1494444952752926
50,East 37th Street,3,0.39480250049960125,0.133968588797234
51,East 37th Street,5,0.6051803052928324,0.12497702177039144
52,East 37th Street,9,0.7006023494029672,0.046886811550973385
53,East 38th Street,6,0.7392910899342972,0.0733174165982802
54,East 38th Street,6,0.6479894393240604,0.10515050025431116
55,East 38th Street,6,0.7356971198106178,0.08785317831540566
56,East 38th Street,3,0.6094939532103777,0.053493291762778526
57,East 38th Street,5,0.574064552897723,0.17368983241307984
58,East 38th Street,2,0.6008012317799294,0.09159088057365128
59,East 38th Street,6,0.4620419663417932,0.10534370621761534
60,East 39th Street,7,0.6595936724797841,0.11105679092309109
61,East 39th Street,6,0.7513127941234087,0.04500186588781686
62,East 39th Street,6,0.707118516134233,0.06746906325290351
63,East 39th Street,3,0.661720295992127,0.0288033104563391
64,East 39th Street,5,0.7584303265139309,0.10471552783945023
65,East 39th Street,2,0.38419218459958465,0.16203014318609105
66,East 39th Street,6,0.27228570074053504,0.18797261364215903
67,East 40th Street,6,0.29501012165534174,0.12761538947110906
68,East 40th Street,6,0.5099206472405543,0.1137704095281928
69,East 40th Street,7,0.6001336468726508,0.03941073868057477
70,East 40th Street,3,0.36544199710138553,0.06880170179428331
71,East 40th Street,5,0.6053999900443054,0.10294128546537733
72,East 40th Street,2,0.5578515942366368,0.01777853207859695
73,East 40th Street,3,0.485485385020151,0.06672434980174924
74,East 40th Street,1,0.4118825104309116,
75,East 41st Street,5,0.42824285300514014,0.06511696797518148
76,East 41st Street,7,0.4134706139046807,0.13135003154114924
77,East 41st Street,7,0.525850872287862,0.06497602598780809
78,East 41st Street,3,0.4660946803113313,0.07662627047850594
79,East 41st Street,5,0.34182109056830023,0.053238548924609524
80,East 41st Street,7,0.687606168509718,0.11955273218003433
81,East 41st Street,2,0.5203941953409863,0.1152317684906423
82,East 42nd Street,14,0.4727269699495464,0.12512515085393425
83,East 42nd Street,7,0.42168080289437576,0.0635710094219855
84,East 42nd Street,9,0.35040906579708314,0.18974416841102673
85,East 42nd Street,7,0.4884944142028523,0.05186057502725452
86,East 42nd Street,1,0.4591087570863358,
87,Lexington Avenue,3,0.6085890756342267,0.0671015498247499
88,Lexington Avenue,2,0.7390825769339833,0.01503017017614939
89,Lexington Avenue,2,0.6280723469805634,0.000808049734897668
90,Lexington Avenue,3,0.5393397320164031,0.09404647741321784
91,Lexington Avenue,3,0.6911495328936619,0.03560094770777012
92,Lexington Avenue,2,0.7590148048966993,0.013733002591592817
93,Lexington Avenue,3,0.3423081584236032,0.02361144441658995
94,Lexington Avenue,3,0.34609788510425094,0.11459975416313467
95,Lexington Avenue,1,0.5852855840429323,
96,Madison Avenue,2,0.5790519687826858,0.04295850073593525
97,Madison Avenue,3,0.526566327064676,0.21477638338125932
98,Madison Avenue,2,0.725973593735324,0.03921235326948058
99,Madison Avenue,2,0.4161555807022591,0.0036491306861566293
100,Madison Avenue,2,0.32256710231531627,0.051796314164640804
101,Madison Avenue,2,0.494207880267143,0.09548550160653278
102,Madison Avenue,3,0.6105457610974809,0.10467338549945493
103,Madison Avenue,3,0.47244737619663607,0.055146946837614834
104,Park Avenue,2,0.5534223397603459,0.1624209287439192
105,Park Avenue,3,0.5240170033537376,0.2512087442506667
106,Park Avenue,1,0.7157369159424792,
107,Park Avenue,4,0.7663147703119473,0.030143866259527696
108,Park Avenue,3,0.7863966625363963,0.005004248342507158
109,Park Avenue,1,0.8011136694447341,
110,Park Avenue,4,0.7844888381002264,0.004757845112926415
111,Park Avenue,3,0.789571214252092,0.02860286478182436
112,Park Avenue,1,0.7489894351207361,
113,Park Avenue,4,0.8050796084893836,0.025014673948903398
114,Park Avenue,3,0.8137104772540554,0.015212086647085794
115,Park Avenue,2,0.829222898439892,0.0021126576389457847
116,Park Avenue,3,0.813614937710033,0.005616192043960723
117,Park Avenue,3,0.812282047494996,0.0207005567683482
118,Park Avenue,1,0.7891584453609062,
119,Park Avenue,4,0.7606652636139458,0.08936835248805963
120,Park Avenue,3,0.6548267261121109,0.11159807800174329
121,Park Avenue,7,0.5177151011665202,0.05332873978381637
122,Park Avenue,2,0.5320529337251287,0.015149177093186092
123,Park Avenue,2,0.5711796165229573,0.077425048191287
124,Park Avenue,2,0.704636426422034,0.13978748372095587
125,Park Avenue,3,0.599047426662963,0.06771726939833786
126,Park Avenue,3,0.6632685530007919,0.0223984597042444
127,Park Avenue,3,0.6019790995665059,0.03786321037122535
128,Park Avenue,3,0.6864292303858567,0.08090741106890649
129,Park Avenue,3,0.14054074188443985,0.07356613828019776
130,Tudor City Place,2,0.4906153106432006,0.0437509025209415
131,Tudor City Place,3,0.7633715748903983,0.011171797700191295
132,Tunnel Exit Street,3,0.7156330778270092,0.03567060700530015
133,Tunnel Exit Street,2,0.44039137160918373,0.018990303196258072
134,Tunnel Exit Street,2,0.5431261411935004,0.12481455804573315
135,Tunnel Exit Street,2,0.7189058473447816,0.0197616720930082
136,Tunnel Exit Street,2,0.5395210904772972,0.010145345689135879
