node_id,reason
n00004,Bank station concourse
n00005,Bank station concourse
n00010,restaurant interior
n00112,bar interior
n00126,shop interior
n00127,building lobby
n00129,office interior
n00176,Liverpool Street concourse
n00200,church interior
n00202,church interior
n00219,building interior
n00257,building lobby
n00393,Bank station
n00513,Tube station
n00581,Moorgate Elizabeth line platform
n00709,building corridor
n00845,Bank station
n00847,Bank station
n00848,Bank station
n00849,Bank station
n00850,Bank station
n00851,Bank station
n00951,Liverpool Street station
n00952,Liverpool Street station
n00973,Tube passage
n01134,Mansion House station
n01135,Mansion House station
n01154,Tube passage
n01244,shopping centre interior
n01261,gym interior
n01354,arcade interior
n01355,arcade interior
n01356,Tube passage
n01434,Tube station
n01450,building lobby
n01588,building interior
n01667,Upper Thames Street road tunnel
n01761,building interior
n01762,building interior
