node_id,status,pano_id,pano_date,pano_lat,pano_lon,month,year,usable,osm_name,typology
1st_avenue_001,OK,AOGAQVBozIBkqviD1iQlvA,2026-04,40.74369004814123,-73.97358597594356,4,2026,True,1st_avenue,avenue
1st_avenue_002,OK,NdGGOikc9TTAe5BxYoW3Sw,2026-04,40.74386153264695,-73.97346051561547,4,2026,True,1st_avenue,avenue
1st_avenue_003,OK,xm7_tT2trKdcJdYVtT-pJg,2026-04,40.74400661944922,-73.9733556812972,4,2026,True,1st_avenue,avenue
1st_avenue_004,OK,5PCted7Iu0Pa9NBmrz0GJg,2026-04,40.74416948542586,-73.97323802286685,4,2026,True,1st_avenue,avenue
1st_avenue_005,OK,Gf9GnRHa92-ohWBmfLcsTA,2026-04,40.74433483228417,-73.97311713592906,4,2026,True,1st_avenue,avenue
1st_avenue_006,OK,eHm5hEjpa07S3aa9y2eo-Q,2026-04,40.74450081867798,-73.97299597987887,4,2026,True,1st_avenue,avenue
1st_avenue_007,OK,G-mz4uYycrAWs2Tw8-R0NQ,2026-04,40.74459484734376,-73.9729276446045,4,2026,True,1st_avenue,avenue
1st_avenue_008,OK,pqE06iRnA9tEPem8tTvEcw,2026-04,40.74475709484945,-73.9728098962336,4,2026,True,1st_avenue,avenue
1st_avenue_009,OK,_7QhHE6Fa-rnwiMRz0z4SQ,2026-04,40.74491737192536,-73.97269367233304,4,2026,True,1st_avenue,avenue
1st_avenue_010,OK,gKrj4Wz_EJ34R_al03keDw,2026-04,40.74508574052443,-73.97257126051007,4,2026,True,1st_avenue,avenue
1st_avenue_011,OK,M6Yc0_9J8Cmbih4gfhsmAg,2026-04,40.74524330218635,-73.97245503646543,4,2026,True,1st_avenue,avenue
1st_avenue_012,OK,vLnL67joZw_TpvjJcfGwlw,2026-04,40.74540435124663,-73.97233630133503,4,2026,True,1st_avenue,avenue
1st_avenue_013,OK,8dwV4cXDcmCwsdhxV2Yxwg,2026-04,40.74556443333842,-73.9722181938857,4,2026,True,1st_avenue,avenue
1st_avenue_014,OK,Y_8WKrdM66DDQthvpYtpbg,2026-04,40.74572459220732,-73.97210116251476,4,2026,True,1st_avenue,avenue
1st_avenue_015,OK,nBnuMvFyIMPRiZFIU_7Kqg,2026-04,40.74589643446903,-73.97197722576699,4,2026,True,1st_avenue,avenue
1st_avenue_016,OK,_EP7GcHB2pV9c18rdZ9w5w,2026-04,40.74606180434043,-73.97185284054267,4,2026,True,1st_avenue,avenue
1st_avenue_017,OK,sw6tbaXaZWpclH47HnHFVg,2026-04,40.74622815557777,-73.97172953139092,4,2026,True,1st_avenue,avenue
1st_avenue_018,OK,uwurmuX8C2FUhEs_vYQNgw,2026-04,40.74638813105349,-73.97161016805681,4,2026,True,1st_avenue,avenue
1st_avenue_019,OK,E39Q5r_kKEXgUdkOWWnkGQ,2026-04,40.74654859319235,-73.97148945945585,4,2026,True,1st_avenue,avenue
1st_avenue_020,OK,MRCQSipmx5vssWtfHLFHxg,2026-04,40.74671977856522,-73.97136570167348,4,2026,True,1st_avenue,avenue
1st_avenue_021,OK,Rs2vs6n-RAyu-jJ47KEYXQ,2026-04,40.74680864224306,-73.97130615442232,4,2026,True,1st_avenue,avenue
1st_avenue_022,OK,NqxZwBcKWcQuhdbtVYHYjA,2026-04,40.74702326133314,-73.97116975168872,4,2026,True,1st_avenue,avenue
1st_avenue_023,OK,pSeFIxMnRjwPGCZxJJfs_Q,2026-04,40.74719024732895,-73.97105200224269,4,2026,True,1st_avenue,avenue
1st_avenue_024,OK,pSeFIxMnRjwPGCZxJJfs_Q,2026-04,40.74719024732895,-73.97105200224269,4,2026,True,1st_avenue,avenue
1st_avenue_west_branch_001,OK,cKf0MiXtR5fwKI3GxhBVQQ,2026-04,40.74735216946011,-73.97103021006771,4,2026,True,1st_avenue_west_branch,avenue
1st_avenue_025,OK,FTly5K7kri5lW3S9yIAJkQ,2026-04,40.74736077994118,-73.97093003777485,4,2026,True,1st_avenue,avenue
1st_avenue_west_branch_002,OK,Xro_CQMmdwj3em3ijnvFCQ,2026-04,40.74751652885244,-73.97082340848195,4,2026,True,1st_avenue_west_branch,avenue
1st_avenue_026,OK,Xro_CQMmdwj3em3ijnvFCQ,2026-04,40.74751652885244,-73.97082340848195,4,2026,True,1st_avenue,avenue
1st_avenue_west_branch_003,OK,NG_enqdDCeNDp80I1Q2OtQ,2026-04,40.74768229478143,-73.97071247449554,4,2026,True,1st_avenue_west_branch,avenue
1st_avenue_027,OK,NG_enqdDCeNDp80I1Q2OtQ,2026-04,40.74768229478143,-73.97071247449554,4,2026,True,1st_avenue,avenue
1st_avenue_west_branch_004,OK,jG2oqGXEdofIIbalslXAoA,2026-04,40.74776851881671,-73.97065346512186,4,2026,True,1st_avenue_west_branch,avenue
1st_avenue_028,OK,V7S7Jk9pULdcXEdre1XHww,2026-04,40.74785518328086,-73.9705949041298,4,2026,True,1st_avenue,avenue
1st_avenue_west_branch_005,OK,4A6gVc_to1zBkFN9CGXqow,2026-04,40.74793613109285,-73.97053643279986,4,2026,True,1st_avenue_west_branch,avenue
1st_avenue_029,OK,R6R5nH8fiMVjOxFy5GHdAQ,2026-04,40.74795383571172,-73.97044827737167,4,2026,True,1st_avenue,avenue
1st_avenue_west_branch_006,OK,LY-D1hBZd4qq_IxFkppBWQ,2026-04,40.74818185312606,-73.97047679561227,4,2026,True,1st_avenue_west_branch,avenue
1st_avenue_030,OK,CgwmoI5veAP5jkgmg2ee6g,2026-04,40.74803960445922,-73.97031178435034,4,2026,True,1st_avenue,avenue
1st_avenue_west_branch_007,OK,QtdkBsXpGhNcE6beDBiprg,2026-04,40.74833785470965,-73.97037249774957,4,2026,True,1st_avenue_west_branch,avenue
1st_avenue_031,OK,Bj_pFg8i0fnmLkQNsoMgSw,2026-04,40.74822934478711,-73.97012076570208,4,2026,True,1st_avenue,avenue
1st_avenue_west_branch_008,OK,lS_CkaxFKeP2rs4KiA0yvQ,2026-04,40.74849808661459,-73.97025394069516,4,2026,True,1st_avenue_west_branch,avenue
1st_avenue_032,OK,9PV70_6DtFqH7jXfplgeFQ,2026-04,40.74839109913057,-73.97000337433552,4,2026,True,1st_avenue,avenue
1st_avenue_west_branch_009,OK,GIMIDhyB2IjRAA-AvS2b2g,2026-04,40.74865667425158,-73.97013654940976,4,2026,True,1st_avenue_west_branch,avenue
1st_avenue_033,OK,bg3Ye5x6i8fwtFHQvgqJcA,2026-04,40.74855229852549,-73.96988526545522,4,2026,True,1st_avenue,avenue
1st_avenue_west_branch_010,OK,4M4arDimSdX07kMKV_uP1w,2026-04,40.74881302412204,-73.970018799332,4,2026,True,1st_avenue_west_branch,avenue
1st_avenue_034,OK,ZI0SRPp_Q_-LRfqglwAhcw,2026-04,40.74871207133275,-73.9697703849942,4,2026,True,1st_avenue,avenue
1st_avenue_west_branch_011,OK,OcAdKqVHpJBWZ04T3RKsyA,2021-05,40.74895774617404,-73.96988553449604,5,2021,False,1st_avenue_west_branch,avenue
1st_avenue_035,OK,KTDCyFC6PLAR_14LaneM5g,2026-04,40.74887729557047,-73.9696678803564,4,2026,True,1st_avenue,avenue
2nd_avenue_001,OK,XekIGngpW-KX25FXP6F4Uw,2026-04,40.74474294038416,-73.97592361242899,4,2026,True,2nd_avenue,avenue
2nd_avenue_002,OK,nDxPB565qw8qXGsjS4xKVw,2026-04,40.74490315922615,-73.97580694202136,4,2026,True,2nd_avenue,avenue
2nd_avenue_003,OK,APy9rO2Xo6thve3FjH0gIA,2026-04,40.74505669936984,-73.97569367929049,4,2026,True,2nd_avenue,avenue
2nd_avenue_004,OK,QBPvoGWNoTk0-DRP0LvcSQ,2026-04,40.74521588480113,-73.97557611196723,4,2026,True,2nd_avenue,avenue
2nd_avenue_005,OK,mm3YOyP84Cmi_jqsFF8otA,2026-04,40.74539234497294,-73.97544482388749,4,2026,True,2nd_avenue,avenue
2nd_avenue_006,OK,COilykflfao--d0m9ZedHA,2026-04,40.74555881789599,-73.97531488088427,4,2026,True,2nd_avenue,avenue
2nd_avenue_007,OK,6poXc6RO5VASJUmW2yAwOA,2026-04,40.74571676870152,-73.97520986822059,4,2026,True,2nd_avenue,avenue
2nd_avenue_008,OK,oRzUZ6kIbN5v6AzFjEnVVg,2026-04,40.74588137571777,-73.97509705352745,4,2026,True,2nd_avenue,avenue
2nd_avenue_009,OK,mFI0uKD0zgLqVWCUgOeing,2026-04,40.74605318239141,-73.97497814067115,4,2026,True,2nd_avenue,avenue
2nd_avenue_010,OK,grbwn57CzUA_SrD1jcUR-A,2026-04,40.74621343473454,-73.97486227679178,4,2026,True,2nd_avenue,avenue
2nd_avenue_011,OK,3PpVHae-s8auolIu7BUN9w,2026-04,40.74637413622185,-73.97473206436112,4,2026,True,2nd_avenue,avenue
2nd_avenue_012,OK,Fr0fcpTZ08qiPeyAyT6RvA,2026-04,40.74652097770605,-73.97464068244429,4,2026,True,2nd_avenue,avenue
2nd_avenue_013,OK,rsVMKdjYxX-72xbIejLvyQ,2026-04,40.74667963119792,-73.97445253779192,4,2026,True,2nd_avenue,avenue
2nd_avenue_014,OK,ddvYIqw-caJqaiq_uehpaA,2026-04,40.74683795112838,-73.9743915566449,4,2026,True,2nd_avenue,avenue
2nd_avenue_015,OK,fI0Eb40EVgd8rgvk39-BQQ,2026-04,40.74698840290307,-73.97427730662041,4,2026,True,2nd_avenue,avenue
2nd_avenue_016,OK,3_111niLyQKOOOz6XwwYkQ,2026-04,40.74715627497615,-73.97415355063035,4,2026,True,2nd_avenue,avenue
2nd_avenue_017,OK,m5w_WVSv_-TBdGhQHXT6fQ,2026-04,40.74732097669725,-73.9740345475127,4,2026,True,2nd_avenue,avenue
2nd_avenue_018,OK,F3H7tH-jgB15cam2awwb7Q,2026-04,40.74747953299718,-73.97392164245211,4,2026,True,2nd_avenue,avenue
2nd_avenue_019,OK,zX7pkZxowUCkRwZZ0GBqaw,2026-04,40.74763882451801,-73.97380595729354,4,2026,True,2nd_avenue,avenue
2nd_avenue_020,OK,CJPF6dR9rqWQicakS26sEw,2026-04,40.74780080059988,-73.97368847849543,4,2026,True,2nd_avenue,avenue
2nd_avenue_021,OK,fKjZXKYCSzwSdxYr07GU4w,2026-04,40.74789348181063,-73.97362130928782,4,2026,True,2nd_avenue,avenue
2nd_avenue_022,OK,dApUMUTGGwaYzW7_t8jB9g,2026-04,40.74805210475641,-73.9735051755558,4,2026,True,2nd_avenue,avenue
2nd_avenue_023,OK,7vcZV02P3a7LEog8fTHw5g,2026-04,40.74821320946748,-73.97338635139451,4,2026,True,2nd_avenue,avenue
2nd_avenue_024,OK,Y4IGkaDOkxrHskcVK8afsg,2026-04,40.74836905663118,-73.97327138334374,4,2026,True,2nd_avenue,avenue
2nd_avenue_025,OK,NmzFmsHjQOKo9PC4Bboofg,2026-04,40.74856274549181,-73.97313040838588,4,2026,True,2nd_avenue,avenue
2nd_avenue_026,OK,GpkQvkUs4UNoxhu6eP6fBg,2026-04,40.74872207888609,-73.97301929637113,4,2026,True,2nd_avenue,avenue
2nd_avenue_027,OK,MM0qtzN6nSAc8YwU2gSw6A,2026-04,40.74888018432669,-73.97290379002793,4,2026,True,2nd_avenue,avenue
2nd_avenue_028,OK,KbuWA4GZkLpI0t9kB0869w,2026-04,40.74904472541682,-73.97278370999052,4,2026,True,2nd_avenue,avenue
2nd_avenue_029,OK,OliAiaLn8bm1lGeT4bXuGg,2026-04,40.74920963414628,-73.97266569249466,4,2026,True,2nd_avenue,avenue
2nd_avenue_030,OK,CwJueWQ6lVqwdMicP4meEg,2026-04,40.74937761272185,-73.97254381872807,4,2026,True,2nd_avenue,avenue
2nd_avenue_031,OK,zYrXx1gRYxArSxe5AXfrXg,2026-04,40.74954449589767,-73.97242113777253,4,2026,True,2nd_avenue,avenue
2nd_avenue_032,OK,laBJSJKjDXQAUF8Xsr_EPg,2026-04,40.74962374495174,-73.97236185988515,4,2026,True,2nd_avenue,avenue
2nd_avenue_033,OK,2ZEhBd_jQ8-9ee6Y9E_-oA,2026-04,40.74978432881142,-73.97224366277233,4,2026,True,2nd_avenue,avenue
2nd_avenue_034,OK,Iur9Kh4W8fims5RMYmCXBA,2026-04,40.74994151442514,-73.97212914243521,4,2026,True,2nd_avenue,avenue
3rd_avenue_001,OK,JRfca0prQB4nWzxEy4qpaA,2026-04,40.7456367475427,-73.97819252840051,4,2026,True,3rd_avenue,avenue
3rd_avenue_002,OK,6_7H4KCQWq3DszNdqDrYXg,2026-04,40.74579812484885,-73.97807657678077,4,2026,True,3rd_avenue,avenue
3rd_avenue_003,OK,yhrglYYmj1T2h-8CMAbqyw,2026-04,40.74596686357236,-73.97795354064685,4,2026,True,3rd_avenue,avenue
3rd_avenue_004,OK,nzTmlTgRO64BVHxxmVklew,2026-04,40.74604834648191,-73.97789399543424,4,2026,True,3rd_avenue,avenue
3rd_avenue_005,OK,XPyvOyT-HAMMLXB6LMC_IA,2026-04,40.7462239341864,-73.97776557858768,4,2026,True,3rd_avenue,avenue
3rd_avenue_006,OK,EFOoQq4kAVLIloLqGIKVqA,2026-04,40.7463859079319,-73.97764747447083,4,2026,True,3rd_avenue,avenue
3rd_avenue_007,OK,jSbQro0Qcyqmn8v_1-J48Q,2026-04,40.74655098050566,-73.97752730771714,4,2026,True,3rd_avenue,avenue
3rd_avenue_008,OK,tkrp7HNl8Z9sTan-0tklyg,2026-04,40.74671383095578,-73.97740848603986,4,2026,True,3rd_avenue,avenue
3rd_avenue_009,OK,R2dnkktQ-xmwjd_iwwuDFg,2026-04,40.74687627929379,-73.97729002299643,4,2026,True,3rd_avenue,avenue
3rd_avenue_010,OK,yhc7dIFm5sN_a44yGen3jA,2026-04,40.74703907381765,-73.97717559533942,4,2026,True,3rd_avenue,avenue
3rd_avenue_011,OK,ItA7OVlHwQzBIMKRKSmVig,2026-04,40.74719301941688,-73.97706627919912,4,2026,True,3rd_avenue,avenue
3rd_avenue_012,OK,dEhrHGTmoYZQu1KrQWjRBg,2026-04,40.74736523015302,-73.97694225597209,4,2026,True,3rd_avenue,avenue
3rd_avenue_013,OK,V7N3uRpR31__-TQYucU7rw,2026-04,40.74745790370435,-73.97687553628542,4,2026,True,3rd_avenue,avenue
3rd_avenue_014,OK,3dpr9Xaw3kYy7tr8z0PkcA,2026-04,40.74767603956982,-73.97671393823875,4,2026,True,3rd_avenue,avenue
3rd_avenue_015,OK,U5KkQUrcc97LG9G9Old-Gw,2026-04,40.74783590469634,-73.97659377090181,4,2026,True,3rd_avenue,avenue
3rd_avenue_016,OK,oYiGY4tDiLuH_cmZXoAC0A,2026-04,40.74800687870117,-73.97646849188928,4,2026,True,3rd_avenue,avenue
3rd_avenue_017,OK,_gNjEhXGivKelsDFUlqttA,2026-04,40.74809090124067,-73.97640562815933,4,2026,True,3rd_avenue,avenue
3rd_avenue_018,OK,nRd2-eKVFM6YWFa6Kt6icQ,2026-04,40.74824975248353,-73.97628841998032,4,2026,True,3rd_avenue,avenue
3rd_avenue_019,OK,tgNS8Vjtznfh-_ChcUzI6Q,2026-04,40.7484129433282,-73.97617417108215,4,2026,True,3rd_avenue,avenue
3rd_avenue_020,OK,B5xr9zXhZocS4Mm2YqBrPA,2026-04,40.74857252463644,-73.97605839760044,4,2026,True,3rd_avenue,avenue
3rd_avenue_021,OK,rsTHepaS6uRTsgh34LEYdg,2026-04,40.74872822656317,-73.97594450727547,4,2026,True,3rd_avenue,avenue
3rd_avenue_022,OK,CAoSFkNJSE0wb2dLRUlDQWdJRENucGV1VUE.,2020-09,40.74892438638681,-73.97581877945258,9,2020,False,3rd_avenue,avenue
3rd_avenue_023,OK,wtzX87DyyTrvvHyStzaIlQ,2026-04,40.74906195060399,-73.97569502445396,4,2026,True,3rd_avenue,avenue
3rd_avenue_024,OK,aUaP0EBG3n31LfiVcCfPBA,2026-04,40.74922169049561,-73.9755782642301,4,2026,True,3rd_avenue,avenue
3rd_avenue_025,OK,4994o0_LX4D4dFeFhrnMGQ,2026-04,40.7494016203147,-73.97544868002771,4,2026,True,3rd_avenue,avenue
3rd_avenue_026,OK,IUEioSnyRBDJt51SrKPrcw,2026-04,40.74956621079019,-73.97533317514262,4,2026,True,3rd_avenue,avenue
3rd_avenue_027,OK,S1JbtInUw6Ie6xc3HaUBtg,2026-04,40.74973426843121,-73.97521130306524,4,2026,True,3rd_avenue,avenue
3rd_avenue_028,OK,L7zD7sFzsKBVLOMftsrb3A,2026-04,40.74989714286517,-73.97509274899093,4,2026,True,3rd_avenue,avenue
3rd_avenue_029,OK,puz41qsd5_0Yz6AAVao2VQ,2026-04,40.74997865519183,-73.9750334719264,4,2026,True,3rd_avenue,avenue
3rd_avenue_030,OK,7F-rf9k2_oLNBG6pwM0Q8w,2026-04,40.7501400357055,-73.9749160835556,4,2026,True,3rd_avenue,avenue
3rd_avenue_031,OK,bVy0pzYRpSELV0LWhR2sBw,2026-04,40.75029812729137,-73.97480048867278,4,2026,True,3rd_avenue,avenue
3rd_avenue_032,OK,hrOfoWm-mzQuXyf-pbn5Bw,2026-04,40.75045722154409,-73.9746839969402,4,2026,True,3rd_avenue,avenue
3rd_avenue_033,OK,DsxWGUWv7NFwiKDld4xSHA,2026-04,40.75061285276131,-73.97457019547977,4,2026,True,3rd_avenue,avenue
3rd_avenue_034,OK,3TQKJ0m1QhUjczhyHgO25Q,2026-04,40.75077492059101,-73.97445235843563,4,2026,True,3rd_avenue,avenue
Park_Ave_East_001,OK,8dcsoYSWNfJdgZH9R94U3A,2026-04,40.74688062774294,-73.98140040580847,4,2026,True,Park_Ave_East,avenue
Park_Ave_East_002,OK,8qkpS_wAtFPlMtItoWI0iw,2026-04,40.74703790529627,-73.98128158652486,4,2026,True,Park_Ave_East,avenue
Park_Ave_East_003,OK,_QvKtXNSgmC66-JeVbt0Mw,2026-04,40.74719766394756,-73.98115953886725,4,2026,True,Park_Ave_East,avenue
Park_Ave_East_004,OK,o3BPaXZcpDqtHL4tvYF4RA,2026-04,40.74735262955437,-73.98104143683527,4,2026,True,Park_Ave_East,avenue
Park_Ave_East_005,OK,r-V4vI2DSV0zXG9tXYkPoQ,2026-04,40.74751433211827,-73.98091822324848,4,2026,True,Park_Ave_East,avenue
Park_Ave_East_006,OK,bzsGuvb1V6d5Ae1PFlPRYQ,2026-04,40.74767115655597,-73.98080047976896,4,2026,True,Park_Ave_East,avenue
Park_Ave_East_007,OK,CpacIjUi98DrNT3JKZAY6A,2026-04,40.74783567878912,-73.98068757868013,4,2026,True,Park_Ave_East,avenue
Park_Ave_East_008,OK,sXujW_LuO-PxH_eBFnLMkA,2026-04,40.74800256877816,-73.9805780851859,4,2026,True,Park_Ave_East,avenue
Park_Ave_East_009,OK,CK5iy91aho4M-3TdIMIG6g,2026-04,40.74816516169143,-73.9804622246802,4,2026,True,Park_Ave_East,avenue
Park_Ave_East_010,OK,ycmLfsklx-lHAxyi4i4tAQ,2026-04,40.74833344165064,-73.98033757591574,4,2026,True,Park_Ave_East,avenue
Park_Ave_East_011,OK,O890ExPfNmVwnilQPlTTLQ,2026-04,40.74849216460628,-73.9802157070096,4,2026,True,Park_Ave_East,avenue
Park_Ave_East_012,OK,5RZedEt508cAsB3t7HH9_Q,2026-04,40.74864672425881,-73.98009850115285,4,2026,True,Park_Ave_East,avenue
Park_Ave_East_013,OK,vifgrIr5Ir0Vydl0d_l-NA,2026-04,40.74880188531284,-73.9799807571712,4,2026,True,Park_Ave_East,avenue
Park_Ave_East_014,OK,BlyC9bZWbJJSM1eXcNAjlw,2026-04,40.74893938375341,-73.97985808095828,4,2026,True,Park_Ave_East,avenue
Park_Ave_East_015,OK,T_ZgIriK3mHpGJhM4lG54g,2026-04,40.74910061373528,-73.97976132093684,4,2026,True,Park_Ave_East,avenue
Park_Ave_East_016,OK,2w6zsmnFi4KyKUdg4_2JEg,2026-04,40.74925965302707,-73.97964913664345,4,2026,True,Park_Ave_East,avenue
Park_Ave_East_017,OK,UUWYSVfhqWuFZa_McMSDug,2026-04,40.74941773811929,-73.97953766969076,4,2026,True,Park_Ave_East,avenue
Park_Ave_East_018,OK,0oBFciNUutslp3SuqHhGgg,2026-04,40.74957696501957,-73.97942575429431,4,2026,True,Park_Ave_East,avenue
Park_Ave_East_019,OK,jQ56E4EJ86hvjfTXD6QcwQ,2026-04,40.74973399292357,-73.97930738216951,4,2026,True,Park_Ave_East,avenue
Park_Ave_East_020,OK,99ltcoPMZKzrLr2wtGqt4g,2026-04,40.74989088210302,-73.97918909964774,4,2026,True,Park_Ave_East,avenue
Park_Ave_East_021,OK,dW4QKQl3qkVwTJfM45heZw,2026-04,40.75004655375824,-73.97907180348909,4,2026,True,Park_Ave_East,avenue
Park_Ave_East_022,OK,ohb47A8Yzivy9Ina4hEf9g,2026-04,40.75026081739833,-73.97890527510427,4,2026,True,Park_Ave_East,avenue
Park_Ave_East_023,OK,Qy2yuSG9nfZahp0EyDI03A,2026-04,40.75034525309832,-73.97883577613956,4,2026,True,Park_Ave_East,avenue
Park_Ave_East_024,OK,pCRLF446XMkKqywK3mot_g,2026-04,40.7505034119034,-73.97871265081525,4,2026,True,Park_Ave_East,avenue
Park_Ave_East_025,OK,GlGDWEKb4yUoSSMokAiYlw,2026-04,40.75078931818715,-73.97845716327389,4,2026,True,Park_Ave_East,avenue
Park_Ave_East_026,OK,g5gjCjVOEWChkWQ85-YOhw,2024-09,40.75097071316441,-73.97835807096307,9,2024,False,Park_Ave_East,avenue
Park_Ave_East_027,OK,KZtpyQqXvUjjkc_zl66Qpw,2024-07,40.75110865988876,-73.97825772313203,7,2024,False,Park_Ave_East,avenue
Park_Ave_East_028,OK,nmao-iaqH5YVKmM5GF61Qg,2024-09,40.7512462969509,-73.97815997586467,9,2024,False,Park_Ave_East,avenue
tunnel_approach_street_001,OK,6zAkCBSpU3M99ZZXtIStTA,2026-04,40.74450247487223,-73.97520771595362,4,2026,True,tunnel_approach_street,mid_block
tunnel_approach_street_002,OK,Uezmj67xluIzkiqX9zGqAQ,2026-04,40.74467679199704,-73.97511122262608,4,2026,True,tunnel_approach_street,mid_block
tunnel_approach_street_003,OK,2Ghb6OkMc5bt25lTNDfJiQ,2026-04,40.7448363022001,-73.9749991252982,4,2026,True,tunnel_approach_street,mid_block
tunnel_approach_street_004,OK,zlQ1RQVN6JnIQHMeimfkyw,2026-04,40.7450000655217,-73.97488406853294,4,2026,True,tunnel_approach_street,mid_block
tunnel_approach_street_005,OK,F106toC2b2kwsUMtqssyWw,2026-04,40.74519557264246,-73.97477860724419,4,2026,True,tunnel_approach_street,mid_block
tunnel_approach_street_006,OK,yFY5Olb08EaDewr2zfOhYg,2026-04,40.74531765145256,-73.9746540444741,4,2026,True,tunnel_approach_street,mid_block
tunnel_approach_street_007,OK,4TvHYHozjXp6GAu4AhwgsA,2026-04,40.7454749083094,-73.97455423277938,4,2026,True,tunnel_approach_street,mid_block
tunnel_approach_street_008,OK,mN-VW6LAzthU37Uk2xmhKg,2026-04,40.74563817279811,-73.97444258351777,4,2026,True,tunnel_approach_street,mid_block
tunnel_approach_street_009,OK,LMyv0fmBA75Ki8i0-uIQbg,2026-04,40.74580573352669,-73.97435694086755,4,2026,True,tunnel_approach_street,mid_block
tunnel_approach_street_010,OK,eDRB_ofdhGNs29yweu_UKA,2026-04,40.74646634291531,-73.9735453515575,4,2026,True,tunnel_approach_street,mid_block
tunnel_approach_street_011,OK,S4TVHlHbrYDNl36JF9napg,2026-04,40.74662628681087,-73.97342787260035,4,2026,True,tunnel_approach_street,mid_block
tunnel_approach_street_012,OK,KhIQWwac53i57_yxIszU1w,2026-04,40.74678806161717,-73.97330895871266,4,2026,True,tunnel_approach_street,mid_block
tunnel_approach_street_013,OK,zGpITbm_5nOQqrx7AtFYKw,2026-04,40.74694512877431,-73.97319246607725,4,2026,True,tunnel_approach_street,mid_block
tunnel_approach_street_014,OK,qaKyGpgW-tvzEjfbEUBTFg,2026-04,40.74710288645856,-73.97307606305013,4,2026,True,tunnel_approach_street,mid_block
tunnel_approach_street_015,OK,3BODPAq_Rnj-6WhKBvgM2g,2026-04,40.74726424713161,-73.9729584941277,4,2026,True,tunnel_approach_street,mid_block
tunnel_approach_street_016,OK,a3lnysQM1vcaJ9j53VypIg,2026-04,40.74742658605208,-73.97284038706009,4,2026,True,tunnel_approach_street,mid_block
tunnel_approach_street_017,OK,yZ-3BX_7ZWQBpcZHoNsgAg,2026-04,40.74759864532062,-73.97273976731435,4,2026,True,tunnel_approach_street,mid_block
tunnel_approach_street_018,OK,XradH4r1dAvc3DcPVHthiA,2026-04,40.74776685427548,-73.97262372272944,4,2026,True,tunnel_approach_street,mid_block
tunnel_approach_street_019,OK,nEZR_V8aBE-MgRejKJSsXA,2026-04,40.74785042881525,-73.97255825705176,4,2026,True,tunnel_approach_street,mid_block
tunnel_approach_street_020,OK,C2DY5IH4XjNl2f2knp9PHQ,2026-04,40.74800752870292,-73.97243512771001,4,2026,True,tunnel_approach_street,mid_block
tunnel_approach_street_021,OK,lIYgiRT6Waj0ytwcBfxzRg,2026-04,40.74815308649116,-73.97232096620333,4,2026,True,tunnel_approach_street,mid_block
Park_Ave_West_001,OK,43Pi6IRpO9uN5zEqpG0Lrg,2026-04,40.74702844891409,-73.98150756728806,4,2026,True,Park_Ave_West,avenue
Park_Ave_West_002,OK,me0LIOTPjqW8L-K4OkqJUg,2026-04,40.74719047787912,-73.9813967291374,4,2026,True,Park_Ave_West,avenue
Park_Ave_West_003,OK,mS8jAvA3V01hcBfOpfPkdg,2026-04,40.74739334808072,-73.98124912418704,4,2026,True,Park_Ave_West,avenue
Park_Ave_West_004,OK,1mlA5N8Q0teZyEbr4Q9UJw,2026-04,40.74755302544808,-73.98113129123522,4,2026,True,Park_Ave_West,avenue
Park_Ave_West_005,OK,r-Xv4zDp_6-JJFz-zVpTug,2026-04,40.74770967790842,-73.98101552073805,4,2026,True,Park_Ave_West,avenue
Park_Ave_West_006,OK,DkGnQg4g-gw3rrG4Qb5HKg,2026-04,40.74787141277807,-73.98089679089162,4,2026,True,Park_Ave_West,avenue
Park_Ave_West_007,OK,wPux7-Ajmh45EEi9PyAwhA,2026-04,40.74801090384134,-73.98079608568494,4,2026,True,Park_Ave_West,avenue
Park_Ave_West_008,OK,AZj5HR7gVzp8Bv0xDE00QQ,2026-04,40.74817093497812,-73.98068076336207,4,2026,True,Park_Ave_West,avenue
Park_Ave_West_009,OK,NPzWkb6o3CghlJc_ykPpKQ,2026-04,40.74834495538155,-73.98055512831107,4,2026,True,Park_Ave_West,avenue
Park_Ave_West_010,OK,3MynJB90h6Itcu_1ITU-gw,2026-04,40.74848339225962,-73.98045603708157,4,2026,True,Park_Ave_West,avenue
Park_Ave_West_011,OK,5M8S1k7V93svI-j4m4zyzA,2026-04,40.74862427210261,-73.98035344846075,4,2026,True,Park_Ave_West,avenue
Park_Ave_West_012,OK,al5TCQNdLtjsg62UPfAj7g,2026-04,40.74876288013066,-73.98025238426764,4,2026,True,Park_Ave_West,avenue
Park_Ave_West_013,OK,G1eMQdBmPFJ7XN0fOZfixA,2026-04,40.74891917893845,-73.98013840675097,4,2026,True,Park_Ave_West,avenue
Park_Ave_West_014,OK,FFaZu_KulNmFxEtY96U3YQ,2026-04,40.74910934272323,-73.97999376012778,4,2026,True,Park_Ave_West,avenue
Park_Ave_West_015,OK,Dfh1tDLmohRIlccHju5AZQ,2026-04,40.74929369462173,-73.97985915706575,4,2026,True,Park_Ave_West,avenue
Park_Ave_West_016,OK,9mDvEBF7-dgVwdA3U8y63Q,2026-04,40.74942899995865,-73.97976033450449,4,2026,True,Park_Ave_West,avenue
Park_Ave_West_017,OK,MfA_X78e8N5M4bICxUUKKw,2026-04,40.74958296202528,-73.97964797085908,4,2026,True,Park_Ave_West,avenue
Park_Ave_West_018,OK,ON6zBVH9EX7zHyAyjpb6GQ,2026-04,40.74971460401801,-73.97955255586838,4,2026,True,Park_Ave_West,avenue
Park_Ave_West_019,OK,LB3NE5BmisRvHS_BepBv3g,2026-04,40.7498530474304,-73.97945301574303,4,2026,True,Park_Ave_West,avenue
Park_Ave_West_020,OK,TTFAqa-_zpknnUzDw5DQnA,2026-04,40.75001339547045,-73.97933679585582,4,2026,True,Park_Ave_West,avenue
Park_Ave_West_021,OK,9nWLi7Uo3Nn4QZLnTcwGmQ,2026-04,40.75021242525675,-73.97919304538884,4,2026,True,Park_Ave_West,avenue
Park_Ave_West_022,OK,dIOgegN969MqybRwb7vCIQ,2026-04,40.75034880903158,-73.97909493989303,4,2026,True,Park_Ave_West,avenue
Park_Ave_West_023,OK,edpBcuvxP4eMgq7fno4fWg,2026-04,40.75048976672218,-73.97899082605342,4,2026,True,Park_Ave_West,avenue
Park_Ave_West_024,OK,KDeqBEXZcS1JUxjF3hx90g,2026-04,40.75065314254892,-73.978869404674,4,2026,True,Park_Ave_West,avenue
Park_Ave_West_025,OK,pumU2xxURdjyphbZK2maig,2026-04,40.75081238739694,-73.97874968706458,4,2026,True,Park_Ave_West,avenue
Park_Ave_West_026,OK,DhexN-k0OoCxKA8Up9LYjQ,2024-07,40.75107707256889,-73.97859374019414,7,2024,False,Park_Ave_West,avenue
Park_Ave_West_027,OK,T1ZWyuHQCjr7KF3yIhTSUQ,2024-07,40.75115962463719,-73.97853222230248,7,2024,False,Park_Ave_West,avenue
Park_Ave_West_028,OK,_dG0QcfE9v0TbgEUM0507w,2024-07,40.75132445214679,-73.9784093658127,7,2024,False,Park_Ave_West,avenue
Park_Ave_West_029,OK,03adPYSS-9RFJd85ta395A,2026-04,40.75149706550049,-73.97822561898914,4,2026,True,Park_Ave_West,avenue
Tunnel_Exit_Street_001,OK,f_exQ_6vZTaR6zR_eE7lrQ,2023-05,40.74546769710812,-73.97728661527722,5,2023,False,Tunnel_Exit_Street,mid_block
Tunnel_Exit_Street_002,OK,5zJ4KmGYeRBA0EY7Zz3pFg,2023-05,40.74556963143814,-73.97720491967493,5,2023,False,Tunnel_Exit_Street,mid_block
Tunnel_Exit_Street_003,OK,8r51w3vqGW-snLd05haDXA,2023-05,40.74572153321245,-73.97708224169108,5,2023,False,Tunnel_Exit_Street,mid_block
Tunnel_Exit_Street_004,OK,iw_mIaQY-P432SCzmF0S0g,2023-05,40.74588214815667,-73.97693651664511,5,2023,False,Tunnel_Exit_Street,mid_block
Tunnel_Exit_Street_005,OK,9bTYqTOub_YrMD5CsMCIUA,2026-04,40.74603757165161,-73.97678343797024,4,2026,True,Tunnel_Exit_Street,mid_block
Tunnel_Exit_Street_006,OK,OA_b1wdPARfVAfChpaD-jA,2026-04,40.74731475191535,-73.97582667107298,4,2026,True,Tunnel_Exit_Street,mid_block
Tunnel_Exit_Street_007,OK,UuD-75lVAWXXPZarFwRdJQ,2026-04,40.7474759232768,-73.97571304964349,4,2026,True,Tunnel_Exit_Street,mid_block
Tunnel_Exit_Street_008,OK,mTrRTvMP3dfXsCJCNNLu1w,2026-04,40.74763450087352,-73.97560346363923,4,2026,True,Tunnel_Exit_Street,mid_block
Tunnel_Exit_Street_009,OK,KhuFDidB5zjM9EFLw6XEtg,2026-04,40.7477940175359,-73.97549253240771,4,2026,True,Tunnel_Exit_Street,mid_block
Tunnel_Exit_Street_010,OK,-lrj8oxmhKb412kuYRmXAg,2026-04,40.74795397548677,-73.97537622044953,4,2026,True,Tunnel_Exit_Street,mid_block
Tunnel_Exit_Street_011,OK,lNXZ7eak8s6O5DcBeaECSQ,2026-04,40.74811664452776,-73.97525883228782,4,2026,True,Tunnel_Exit_Street,mid_block
Tunnel_Exit_Street_012,OK,C6vSBJXvkr_ChnQlQ-QCGw,2026-04,40.74827232308448,-73.97514583826774,4,2026,True,Tunnel_Exit_Street,mid_block
Tunnel_Exit_Street_013,OK,UlGi-37a4CbL1uEHnGc50g,2026-04,40.74843278115811,-73.97502934674422,4,2026,True,Tunnel_Exit_Street,mid_block
Tunnel_Exit_Street_014,OK,DKwsDRmI4KT6S3fGtU3X2g,2026-04,40.74858855714948,-73.9749154558101,4,2026,True,Tunnel_Exit_Street,mid_block
Tunnel_Exit_Street_015,OK,rgIRXA9l-Oqz3SThUgW0-Q,2026-04,40.7487518202072,-73.97479483895991,4,2026,True,Tunnel_Exit_Street,mid_block
Tunnel_Exit_Street_016,OK,mT-ETG1UTtQ4ePjM-R0wxg,2026-04,40.74891434246585,-73.9746748497804,4,2026,True,Tunnel_Exit_Street,mid_block
Tunnel_Exit_Street_017,OK,ZFJpxkcXtQYcKWagxTKcHQ,2026-04,40.74907092975037,-73.97455925475268,4,2026,True,Tunnel_Exit_Street,mid_block
Tunnel_Exit_Street_018,OK,W0wa4Q-4HYDIM3stpA0WsA,2026-04,40.74922851116219,-73.97444482547145,4,2026,True,Tunnel_Exit_Street,mid_block
Tunnel_Exit_Street_019,OK,9jqBnqrxM6cMsEgeK94Yzg,2026-04,40.74939059797627,-73.97432815416715,4,2026,True,Tunnel_Exit_Street,mid_block
Tunnel_Exit_Street_020,OK,g-IUL3zdz1v-O2vhPPQN6w,2026-04,40.74947457155563,-73.97426815944125,4,2026,True,Tunnel_Exit_Street,mid_block
Tunnel_Exit_Street_021,OK,vjpZuROuDPWw3dNRJFQPeA,2026-04,40.74963299526547,-73.97415489580459,4,2026,True,Tunnel_Exit_Street,mid_block
east_34th_street_001,OK,xafjbRtNoCmIfGPkeE3nHw,2026-04,40.74779214113599,-73.98300468313232,4,2026,True,east_34th_street,mid_block
east_34th_street_002,OK,aib_i5EsLNeEKj-8GtHpqA,2026-04,40.74770950837875,-73.98281609829255,4,2026,True,east_34th_street,mid_block
east_34th_street_003,OK,5vc4ZqCXHXTAHYBNdV3DPw,2026-04,40.74761723287302,-73.98260419794026,4,2026,True,east_34th_street,mid_block
east_34th_street_004,OK,Rq54Ci7IlQN3LLfDlmxoWA,2026-04,40.74752795883913,-73.98239857456504,4,2026,True,east_34th_street,mid_block
east_34th_street_005,OK,4-H-RhxzTBPfdZo7nULGAQ,2026-04,40.74743990227678,-73.9821925025971,4,2026,True,east_34th_street,mid_block
east_34th_street_006,OK,xs_ippcxMs0av2Yz7_KiMw,2026-04,40.74734588542461,-73.98197737327034,4,2026,True,east_34th_street,mid_block
east_34th_street_007,OK,Vuv8bnIVAAJJZzYAX009xA,2026-04,40.74725337781026,-73.98176331979954,4,2026,True,east_34th_street,mid_block
east_34th_street_008,OK,mjnRQAvv2kN8ga0vMvus2g,2026-04,40.74715837590653,-73.98154603779629,4,2026,True,east_34th_street,mid_block
east_34th_street_009,OK,O6I5LHBMTxflbZb3whSJUQ,2026-04,40.74708650410748,-73.98136211462095,4,2026,True,east_34th_street,mid_block
east_34th_street_010,OK,VgZKtKbDBuuRLEjIcSZo0A,2026-04,40.7470071118867,-73.98118150924482,4,2026,True,east_34th_street,mid_block
east_34th_street_011,OK,oV1ZciKpGc6SAWQ4U540oA,2026-04,40.7469240686582,-73.98098368608099,4,2026,True,east_34th_street,mid_block
east_34th_street_012,OK,5OqAkeoByImMuZuT2jPveg,2026-04,40.74683393093087,-73.9807682863755,4,2026,True,east_34th_street,mid_block
east_34th_street_013,OK,UL0UWicZ6OZLTJVN_ir0bw,2026-04,40.74674439109508,-73.98055710116759,4,2026,True,east_34th_street,mid_block
east_34th_street_014,OK,lZRiGoXb2WAjzzkw3fvzTA,2026-04,40.74665839232739,-73.9803517446283,4,2026,True,east_34th_street,mid_block
east_34th_street_015,OK,crKkOvYb8DQTvsXwBIQykw,2026-04,40.74656934607726,-73.98014298020101,4,2026,True,east_34th_street,mid_block
east_34th_street_016,OK,yocR-PHEFtTH3bquJSYx6w,2026-04,40.74648050674654,-73.97993089755025,4,2026,True,east_34th_street,mid_block
east_34th_street_017,OK,3qXV_ebiOkxVN1TwoXAayg,2026-04,40.74638389400145,-73.97975486428865,4,2026,True,east_34th_street,mid_block
east_34th_street_018,OK,lweXJwU9ljQsg785GEvnmQ,2026-04,40.74632261440679,-73.97953937353043,4,2026,True,east_34th_street,mid_block
east_34th_street_019,OK,FFfUbH0lbp8qaPRUW1-Ylw,2026-04,40.74623672796426,-73.97933482298674,4,2026,True,east_34th_street,mid_block
east_34th_street_020,OK,p29lMy99J9TIxzs5UGglPg,2026-04,40.74614790051613,-73.97912336717621,4,2026,True,east_34th_street,mid_block
east_34th_street_021,OK,4XTDCB632IIH7bHMXhlKsA,2026-04,40.74605139848746,-73.97889343786302,4,2026,True,east_34th_street,mid_block
east_34th_street_022,OK,fYu2Dl9HLJlQmJ8Tq7_g1g,2026-04,40.7459621156662,-73.97868090545302,4,2026,True,east_34th_street,mid_block
east_34th_street_023,OK,L86mjTn_Z3CM5bIfl75ghg,2026-04,40.74586717731907,-73.97845456266185,4,2026,True,east_34th_street,mid_block
east_34th_street_024,OK,67QMA_qbk_gqIZh2oXmTLw,2026-04,40.74577277886963,-73.97822830928065,4,2026,True,east_34th_street,mid_block
east_34th_street_025,OK,12K3skdY-PyC2syZFUygsA,2026-04,40.74571840946512,-73.97813423873188,4,2026,True,east_34th_street,mid_block
east_34th_street_026,OK,bwNQoPS89yjdo15l9QtDxQ,2026-04,40.74562939147597,-73.97788323424928,4,2026,True,east_34th_street,mid_block
east_34th_street_027,OK,2bTUsFPec0GPmO6KORwckg,2026-04,40.74554224214992,-73.9776772471176,4,2026,True,east_34th_street,mid_block
east_34th_street_028,OK,dq_tYL9t5OyHYQTuEscM2w,2026-04,40.74545093018715,-73.9774562837498,4,2026,True,east_34th_street,mid_block
east_34th_street_029,OK,8kTECM62TXyrLqLPbWNYwg,2026-04,40.74536181059761,-73.97723218143851,4,2026,True,east_34th_street,mid_block
east_34th_street_030,OK,rkA_0asxvHN-jfSa0ONPrQ,2026-04,40.74527205274445,-73.9770163291455,4,2026,True,east_34th_street,mid_block
east_34th_street_031,OK,Eely9JsE4ADI6p_kwTfV9g,2026-04,40.74518836788234,-73.97681617009314,4,2026,True,east_34th_street,mid_block
east_34th_street_032,OK,dwvFr1EmSn3hAz9BCpfbKw,2026-04,40.74509779148419,-73.97659986894757,4,2026,True,east_34th_street,mid_block
east_34th_street_033,OK,HDj1LhmlcITa6nkX2aw-Sg,2026-04,40.74500681375382,-73.97639083141536,4,2026,True,east_34th_street,mid_block
east_34th_street_034,OK,0JjPQDMMmZkAfVx_A0UVWQ,2026-04,40.74491752777731,-73.97618627752277,4,2026,True,east_34th_street,mid_block
east_34th_street_035,OK,K0ghbrLFDmmfjm5cMFeIwg,2026-04,40.7448257146815,-73.97597454921812,4,2026,True,east_34th_street,mid_block
east_34th_street_036,OK,y2pyLP05yjiP0OTwL_oKjw,2026-04,40.74474262613573,-73.97577860392552,4,2026,True,east_34th_street,mid_block
east_34th_street_037,OK,bIpdk0HHzCjdfQbgQZlNqQ,2026-04,40.74463973943223,-73.97553243896158,4,2026,True,east_34th_street,mid_block
east_34th_street_038,OK,m4ncSSbDDXPPzoZ09PUzwQ,2026-04,40.74459362911775,-73.97542222511062,4,2026,True,east_34th_street,mid_block
east_34th_street_039,OK,6zAkCBSpU3M99ZZXtIStTA,2026-04,40.74450247487223,-73.97520771595362,4,2026,True,east_34th_street,mid_block
east_34th_street_040,OK,xXYoNUbMCxk1MYXtqFeRkQ,2026-04,40.74440961060124,-73.97499284784591,4,2026,True,east_34th_street,mid_block
east_34th_street_041,OK,qpU0LeqIP4qUr-_yjOvAkg,2026-04,40.74431841507361,-73.97477699304034,4,2026,True,east_34th_street,mid_block
east_34th_street_042,OK,9NeXL0MZ2thl3t6hiCa83A,2026-04,40.7442301079505,-73.97456714642475,4,2026,True,east_34th_street,mid_block
east_34th_street_043,OK,rcxUTBgPvH3o5uYUWi3HQg,2026-04,40.7441427845518,-73.9743594518568,4,2026,True,east_34th_street,mid_block
east_34th_street_044,OK,3eWIoBdCMzxruPv702jayg,2026-04,40.74404877087748,-73.97413597368619,4,2026,True,east_34th_street,mid_block
east_34th_street_045,OK,nWIa5MKRQVSDDF427pVp6g,2026-04,40.74395961611632,-73.97392388441187,4,2026,True,east_34th_street,mid_block
east_34th_street_046,OK,zrhWEEqtflYRdela2xo7fA,2026-04,40.74388125321227,-73.97373735327129,4,2026,True,east_34th_street,mid_block
east_34th_street_047,OK,BhSC6bJZ99-S_S-iRINXEA,2026-04,40.74378944434279,-73.97351773055723,4,2026,True,east_34th_street,mid_block
east_35th_street_001,OK,MBRi_o7iTfo2z8NYp0RVkQ,2026-04,40.74839746495049,-73.98238790330667,4,2026,True,east_35th_street,mid_block
east_35th_street_002,OK,RuZrY5HKjmspakcC2pgdmg,2026-04,40.74830932575771,-73.98217752694939,4,2026,True,east_35th_street,mid_block
east_35th_street_003,OK,B0zFmBPa0_8g2EIS0S5ehw,2026-04,40.7482204164949,-73.98196544654363,4,2026,True,east_35th_street,mid_block
east_35th_street_004,OK,sie_DAIVYjgD62b48M74sQ,2026-04,40.74813285696109,-73.98175650451965,4,2026,True,east_35th_street,mid_block
east_35th_street_005,OK,LxtQW1WJBumGNNS2QnbqCw,2026-04,40.7480432270545,-73.98154254047768,4,2026,True,east_35th_street,mid_block
east_35th_street_006,OK,NGf9iHbjgmEZ2nAzutqbOg,2026-04,40.74795325590843,-73.98132776912307,4,2026,True,east_35th_street,mid_block
east_35th_street_007,OK,UxlG92VlS6L5pp3axNqp6g,2026-04,40.74790802438932,-73.98121997981832,4,2026,True,east_35th_street,mid_block
east_35th_street_008,OK,QwHq90wqhtdue7BGHHYn6w,2026-04,40.74779141137967,-73.98095561777335,4,2026,True,east_35th_street,mid_block
east_35th_street_009,OK,fI9z_Fgin-52mdhtirX6YQ,2026-04,40.74775399925056,-73.98074254959187,4,2026,True,east_35th_street,mid_block
east_35th_street_010,OK,P0kWaivjxQwphlqFr0bpYw,2026-04,40.74763924300819,-73.98057835421176,4,2026,True,east_35th_street,mid_block
east_35th_street_011,OK,emcNdxRcv7r0RKO3vh4tpQ,2026-04,40.74755202106891,-73.98037021775826,4,2026,True,east_35th_street,mid_block
east_35th_street_012,OK,aPo9mBUQbjhXeIsNNkhNlQ,2026-04,40.747464053494,-73.98016001854334,4,2026,True,east_35th_street,mid_block
east_35th_street_013,OK,C-VeaCHYIkxcPQV5NcbXqg,2026-04,40.7473754803263,-73.97994874299161,4,2026,True,east_35th_street,mid_block
east_35th_street_014,OK,Q488lbtXMon0WD1YYb2PnQ,2026-04,40.747285543652,-73.9797342388832,4,2026,True,east_35th_street,mid_block
east_35th_street_015,OK,wlqmz-RzIXUQv9CDUSbkAQ,2026-04,40.747200856883,-73.97953228914434,4,2026,True,east_35th_street,mid_block
east_35th_street_016,OK,ngKWcBQzxax6lcZJtijWYA,2026-04,40.74711325098798,-73.97932836632422,4,2026,True,east_35th_street,mid_block
east_35th_street_017,OK,udoO96N95vD7HWyw29mqBw,2026-04,40.74701955319141,-73.97911233703213,4,2026,True,east_35th_street,mid_block
east_35th_street_018,OK,h-pJb30jgQmdAFCrqRPqmw,2026-04,40.74693135902722,-73.97891011761185,4,2026,True,east_35th_street,mid_block
east_35th_street_019,OK,c5_f2HvHgbqqojKVttTzGg,2026-04,40.74684002474356,-73.97869534331615,4,2026,True,east_35th_street,mid_block
east_35th_street_020,OK,LHNwh9u3UcnNbEVaB4ENig,2026-04,40.74675196825103,-73.97848666676651,4,2026,True,east_35th_street,mid_block
east_35th_street_021,OK,uPotSN8x8DcK3vdDANHsIQ,2026-04,40.74665873710864,-73.97826597335782,4,2026,True,east_35th_street,mid_block
east_35th_street_022,OK,TK0G6Vs8ZOZHtNQAzGSA7g,2026-04,40.74657207941971,-73.97805335057784,4,2026,True,east_35th_street,mid_block
east_35th_street_023,OK,uzI9paD6B-nX3E789evjZA,2026-04,40.74648546912626,-73.97783947209088,4,2026,True,east_35th_street,mid_block
east_35th_street_024,OK,EFOoQq4kAVLIloLqGIKVqA,2026-04,40.7463859079319,-73.97764747447083,4,2026,True,east_35th_street,mid_block
east_35th_street_025,OK,ZBkMIntALvr7faUzc_eCBA,2026-04,40.74630996353875,-73.97742005434222,4,2026,True,east_35th_street,mid_block
east_35th_street_026,OK,mUD035JR0rd6EdhawMjq4Q,2026-04,40.74621541309801,-73.97720070486247,4,2026,True,east_35th_street,mid_block
east_35th_street_027,OK,10yKHxaXZaPolSPTCDlTxw,2026-04,40.74612899445155,-73.97699615183112,4,2026,True,east_35th_street,mid_block
east_35th_street_028,OK,9bTYqTOub_YrMD5CsMCIUA,2026-04,40.74603757165161,-73.97678343797024,4,2026,True,east_35th_street,mid_block
east_35th_street_029,OK,BYmhcxgXbR30CaG22hRL9g,2026-04,40.74594702607255,-73.97657637353488,4,2026,True,east_35th_street,mid_block
east_35th_street_030,OK,qOVBPhHAueOV8uEdj9LJyQ,2026-04,40.74585763426488,-73.97636841210412,4,2026,True,east_35th_street,mid_block
east_35th_street_031,OK,-piZCTNJJPYO3XRrl4NcsA,2026-04,40.7457657917708,-73.97615381432473,4,2026,True,east_35th_street,mid_block
east_35th_street_032,OK,WB5dLuo30b5CCxXZIq_XDQ,2026-04,40.74571985985968,-73.97604431824895,4,2026,True,east_35th_street,mid_block
east_35th_street_033,OK,uLtLUviXUcpshqfe0L6YuQ,2026-04,40.74562371615701,-73.97581483364225,4,2026,True,east_35th_street,mid_block
east_35th_street_034,OK,Q0Rs53OUSXKwYdW0cdzbMA,2026-04,40.7455351512485,-73.97559996621254,4,2026,True,east_35th_street,mid_block
east_35th_street_035,OK,etyitxvPN55trfnsvEXFpg,2026-04,40.74547154703028,-73.97538249788931,4,2026,True,east_35th_street,mid_block
east_35th_street_036,OK,BJwJvNaggHuYyxyAYadRlg,2026-04,40.74537063244775,-73.97520170754152,4,2026,True,east_35th_street,mid_block
east_35th_street_037,OK,zZUKiH74uIYXwNz4PPSEDQ,2026-04,40.74528427647184,-73.97499284784591,4,2026,True,east_35th_street,mid_block
east_35th_street_038,OK,F106toC2b2kwsUMtqssyWw,2026-04,40.74519557264246,-73.97477860724419,4,2026,True,east_35th_street,mid_block
east_35th_street_039,OK,Zj9aRWogaypQuG0wiWmSmA,2026-04,40.74510696057754,-73.9745666083562,4,2026,True,east_35th_street,mid_block
east_35th_street_040,OK,yIZylFnN8QAgS-5lPggu-Q,2026-04,40.74501807401323,-73.9743558647293,4,2026,True,east_35th_street,mid_block
east_35th_street_041,OK,iDkq1YoJB6Y0o9xDQiTBuA,2026-04,40.744928235492,-73.97414691443734,4,2026,True,east_35th_street,mid_block
east_35th_street_042,OK,3pveiKT3d0EEtdaOnEFyPQ,2026-04,40.74483704600441,-73.97393482517508,4,2026,True,east_35th_street,mid_block
east_35th_street_043,OK,GLCg1IGTFaM3l3oiQYDarw,2026-04,40.74475064762085,-73.97373152417025,4,2026,True,east_35th_street,mid_block
east_35th_street_044,OK,L15CyTMg1wDO0A-ZAu9exQ,2026-04,40.74466319048756,-73.97352024155742,4,2026,True,east_35th_street,mid_block
east_35th_street_045,OK,CIqg5MLDMBO8arqpni1C2w,2026-04,40.74457386425447,-73.97330429542144,4,2026,True,east_35th_street,mid_block
east_35th_street_046,OK,iCMIs3Xr8D5B0zo0KNHGmg,2026-04,40.74449947482472,-73.97312610380538,4,2026,True,east_35th_street,mid_block
east_35th_street_047,OK,cDrKhT8HX8ZpqDZrfi9clw,2026-04,40.74437564423597,-73.97283868316109,4,2026,True,east_35th_street,mid_block
east_36th_street_001,OK,rLNYC6hde-pr_DDNxJr9VQ,2026-04,40.74908153747253,-73.98209386058471,4,2026,True,east_36th_street,mid_block
east_36th_street_002,OK,TVob8NQSb2LNtZMF_IizNw,2026-04,40.74902496117514,-73.98195872094554,4,2026,True,east_36th_street,mid_block
east_36th_street_003,OK,CeMd1iqNlSbf3n9W5UaR2A,2026-04,40.74893695572402,-73.98174610224986,4,2026,True,east_36th_street,mid_block
east_36th_street_004,OK,NjuyuSRwEngxrVw7oDsqjQ,2026-04,40.74884566872551,-73.98152577128242,4,2026,True,east_36th_street,mid_block
east_36th_street_005,OK,uOzqdD7qFaifoAyt83UwMQ,2026-04,40.74875377039398,-73.98130804063587,4,2026,True,east_36th_street,mid_block
east_36th_street_006,OK,FDwMIs1h-5laL0SdBMtb3A,2026-04,40.74866839553771,-73.98110546482516,4,2026,True,east_36th_street,mid_block
east_36th_street_007,OK,BbED4k4_Hy0a1_2o-T1aiA,2026-04,40.74857589010886,-73.98088611954987,4,2026,True,east_36th_street,mid_block
east_36th_street_008,OK,kF6MBRMJpRABV1y452ltdA,2026-04,40.74848497429522,-73.98067054038454,4,2026,True,east_36th_street,mid_block
east_36th_street_009,OK,j_qTbaA-TW2S8PKTI9tB4w,2026-04,40.74839553454131,-73.98045845831584,4,2026,True,east_36th_street,mid_block
east_36th_street_010,OK,_8_BSByJ9A-uzTdrGL9Yfg,2026-04,40.74829779103496,-73.98022718546764,4,2026,True,east_36th_street,mid_block
east_36th_street_011,OK,_BQ742UfTgqStMrKyOvhCg,2026-04,40.74820648300032,-73.98001097783445,4,2026,True,east_36th_street,mid_block
east_36th_street_012,OK,rG5WESg31WzHuWdOCVR-_Q,2026-04,40.74811586768256,-73.97979593574158,4,2026,True,east_36th_street,mid_block
east_36th_street_013,OK,X6jZWIX5BoSPVt2Q88IBnw,2026-04,40.74802778892045,-73.97958708103496,4,2026,True,east_36th_street,mid_block
east_36th_street_014,OK,5mgPowl6GJ6l1-XTEKJRvA,2026-04,40.74798291020699,-73.9794807255669,4,2026,True,east_36th_street,mid_block
east_36th_street_015,OK,ovsT_VAZFELVQmYPiC_UWQ,2026-04,40.74789335512695,-73.97926891121325,4,2026,True,east_36th_street,mid_block
east_36th_street_016,OK,nAkZCiPpxnqAZ5ZMLUqojg,2026-04,40.74780387899632,-73.97905924885015,4,2026,True,east_36th_street,mid_block
east_36th_street_017,OK,VGhUmr_NyXuxqU-y_pwvPA,2026-04,40.74767763056354,-73.9787918348457,4,2026,True,east_36th_street,mid_block
east_36th_street_018,OK,dJiRcw8GpL5zQljlDsN2pQ,2026-04,40.74762602249915,-73.97863543962848,4,2026,True,east_36th_street,mid_block
east_36th_street_019,OK,wePemfCF1Qq5Tis2Xhheng,2026-04,40.74753528833423,-73.9784190508527,4,2026,True,east_36th_street,mid_block
east_36th_street_020,OK,mDaq-bknwFehoreaz7tLcA,2026-04,40.7474480738904,-73.9782104636796,4,2026,True,east_36th_street,mid_block
east_36th_street_021,OK,hqCQmBLyRyqyoYxfBndAyg,2026-04,40.74736068171306,-73.97800115886837,4,2026,True,east_36th_street,mid_block
east_36th_street_022,OK,r44hM4ZL9F4lLIFZ6xnllQ,2026-04,40.74727354884408,-73.9777963376586,4,2026,True,east_36th_street,mid_block
east_36th_street_023,OK,518rMp6E8Do0kkS2n8kxiQ,2026-04,40.74718448549875,-73.97758748078006,4,2026,True,east_36th_street,mid_block
east_36th_street_024,OK,EOd4YXZxAHYB4cQjEiptCw,2026-04,40.7470968560698,-73.97737969979605,4,2026,True,east_36th_street,mid_block
east_36th_street_025,OK,yhc7dIFm5sN_a44yGen3jA,2026-04,40.74703907381765,-73.97717559533942,4,2026,True,east_36th_street,mid_block
east_36th_street_026,OK,rg_ra0DftvTcFdokFrGUBw,2026-04,40.74693035513929,-73.97698494221109,4,2026,True,east_36th_street,mid_block
east_36th_street_027,OK,JvFZlBnxpPkouln2sACeiQ,2026-04,40.74684324136798,-73.97677814702382,4,2026,True,east_36th_street,mid_block
east_36th_street_028,OK,l8R3ozzZwm-uLopWvvR_vA,2026-04,40.74675327455831,-73.97656453615028,4,2026,True,east_36th_street,mid_block
east_36th_street_029,OK,vIyHIMoRnLpMc0vB356NZg,2026-04,40.74666171693364,-73.97634715859465,4,2026,True,east_36th_street,mid_block
east_36th_street_030,OK,YJQNAA9cs0wTXi49jwq7OQ,2026-04,40.74657010887816,-73.9761299601481,4,2026,True,east_36th_street,mid_block
east_36th_street_031,OK,kqdyWEAoOxtUI-YZXguAdg,2026-04,40.7464810620578,-73.9759185904913,4,2026,True,east_36th_street,mid_block
east_36th_street_032,OK,jcto-HQXzUu-5xhG2b4ElQ,2026-04,40.74639389493727,-73.97571143544748,4,2026,True,east_36th_street,mid_block
east_36th_street_033,OK,8sXxYwSslIc1h7KYoF-JCw,2026-04,40.74630618380803,-73.97550257630519,4,2026,True,east_36th_street,mid_block
east_36th_street_034,OK,qeRPA0rEo8_vfHZPq3hyfw,2026-04,40.74621259923003,-73.97527784397357,4,2026,True,east_36th_street,mid_block
east_36th_street_035,OK,6-Bwhz4fRVQk9EawgAaRnw,2026-04,40.74613084066861,-73.97506790822632,4,2026,True,east_36th_street,mid_block
east_36th_street_036,OK,h9dY2E2jK59dYSLKvmrxKg,2026-04,40.74605969436958,-73.97483609082796,4,2026,True,east_36th_street,mid_block
east_36th_street_037,OK,UNse684RJjFlog1PpfBMoQ,2026-04,40.74592673679528,-73.9746733252537,4,2026,True,east_36th_street,mid_block
east_36th_street_038,OK,SqbEqIl2h5KJZ-fhtsS8yg,2026-04,40.74584555757914,-73.97446482369713,4,2026,True,east_36th_street,mid_block
east_36th_street_039,OK,2AZmwc43sDuWzDD7Y1PDLg,2026-04,40.74576472654692,-73.97424816119512,4,2026,True,east_36th_street,mid_block
east_36th_street_040,OK,HQ1dLpDaRJd2cBVJpjRG2Q,2026-04,40.745679111995,-73.97404665408794,4,2026,True,east_36th_street,mid_block
east_36th_street_041,OK,sWvxQHOeJ5nJyF7VOASHoQ,2026-04,40.74558623273771,-73.97383115693478,4,2026,True,east_36th_street,mid_block
east_36th_street_042,OK,X5SgO4SAaMRqFrMA0i_XCA,2026-04,40.74549378294299,-73.97361709439684,4,2026,True,east_36th_street,mid_block
east_36th_street_043,OK,3QQKx_It6l6mjiabHIdZlw,2026-04,40.74540192613492,-73.97340455615758,4,2026,True,east_36th_street,mid_block
east_36th_street_044,OK,CLxREESmb1wJfFmpV-7GRg,2026-04,40.74531425652282,-73.97319390093693,4,2026,True,east_36th_street,mid_block
east_36th_street_045,OK,W-AXNRxhEG1HBTbLIddNhw,2026-04,40.74522552264714,-73.97297894090197,4,2026,True,east_36th_street,mid_block
east_36th_street_046,OK,dd8gKjFCj5-Aw_QGlFbQ8Q,2026-04,40.74514067630579,-73.97277330723544,4,2026,True,east_36th_street,mid_block
east_36th_street_047,OK,gKrj4Wz_EJ34R_al03keDw,2026-04,40.74508574052443,-73.97257126051007,4,2026,True,east_36th_street,mid_block
east_37th_street_001,OK,XOOhsEAV_Hq3lMzHXIfc_w,2026-04,40.74965090880176,-73.98152666803088,4,2026,True,east_37th_street,mid_block
east_37th_street_002,OK,QCaHbTPSvujLOHo4xgD4-w,2026-04,40.74956175752089,-73.98131288308292,4,2026,True,east_37th_street,mid_block
east_37th_street_003,OK,SXs1NfDz070TwYV2JTfDWg,2026-04,40.74947387186457,-73.98110429904962,4,2026,True,east_37th_street,mid_block
east_37th_street_004,OK,zuWcYnLRGnsDw2Dz9IHL1A,2026-04,40.74938712153252,-73.9808984050441,4,2026,True,east_37th_street,mid_block
east_37th_street_005,OK,f68xvJTG804PGKiqgTFZcg,2026-04,40.7492988442709,-73.98068919283436,4,2026,True,east_37th_street,mid_block
east_37th_street_006,OK,SQc65BP5vLZrzKgMXdOkyg,2026-04,40.74921343051559,-73.98048634734542,4,2026,True,east_37th_street,mid_block
east_37th_street_007,OK,hQlfTPWKp4laxRJtl5MLtg,2026-04,40.74912395283535,-73.9802739960472,4,2026,True,east_37th_street,mid_block
east_37th_street_008,OK,f96jbOv3WAFQTDGsBI6FWA,2026-04,40.74903588858096,-73.98006523153548,4,2026,True,east_37th_street,mid_block
east_37th_street_009,OK,BlyC9bZWbJJSM1eXcNAjlw,2026-04,40.74893938375341,-73.97985808095828,4,2026,True,east_37th_street,mid_block
east_37th_street_010,OK,6YdxuBl0VTJBg2F1fCCyNQ,2026-04,40.74884965965202,-73.97964241096429,4,2026,True,east_37th_street,mid_block
east_37th_street_011,OK,VtbnMNKJ_CGXfFtFxNTLcg,2026-04,40.74876037664917,-73.97942772716245,4,2026,True,east_37th_street,mid_block
east_37th_street_012,OK,5xphdpuWsZlj7odnLn0xxg,2026-04,40.74866808134328,-73.97920829029685,4,2026,True,east_37th_street,mid_block
east_37th_street_013,OK,5bitZcu6T_TaWTBNinO94A,2026-04,40.74857526851867,-73.9789878667445,4,2026,True,east_37th_street,mid_block
east_37th_street_014,OK,yd8ECTM0DCFIPgPps82EJw,2026-04,40.74848567377641,-73.97877524476273,4,2026,True,east_37th_street,mid_block
east_37th_street_015,OK,EENCJZGU_xY4_CdtqL7DCw,2026-04,40.74844292815914,-73.97867435909235,4,2026,True,east_37th_street,mid_block
east_37th_street_016,OK,_AbT4cIBEcSUi9uneGd0oA,2026-04,40.74834720000661,-73.97844774726464,4,2026,True,east_37th_street,mid_block
east_37th_street_017,OK,bk2ROnoF8P4rfxrQyWpbbw,2026-04,40.74824165843029,-73.9781945012813,4,2026,True,east_37th_street,mid_block
east_37th_street_018,OK,9bE9azcD-Of9YcmMrElp_A,2026-04,40.74815195030043,-73.97798268551077,4,2026,True,east_37th_street,mid_block
east_37th_street_019,OK,FEDCn_XJlnZWCd08ZZOM-g,2026-04,40.7480601344261,-73.97776611664727,4,2026,True,east_37th_street,mid_block
east_37th_street_020,OK,tTfVbqRXDxh8u9JqxMrZdw,2026-04,40.74796458231322,-73.97754075922315,4,2026,True,east_37th_street,mid_block
east_37th_street_021,OK,9f-s2r5AUlqDpsc5xCdofA,2026-04,40.74787735892352,-73.97733477172467,4,2026,True,east_37th_street,mid_block
east_37th_street_022,OK,nsYw3kj9an7Zi-oobGJdrg,2026-04,40.74779255810681,-73.97712779755972,4,2026,True,east_37th_street,mid_block
east_37th_street_023,OK,L5f9K-WS-m73QMW6cd8sxg,2026-04,40.74770343786415,-73.97691589093738,4,2026,True,east_37th_street,mid_block
east_37th_street_024,OK,3dpr9Xaw3kYy7tr8z0PkcA,2026-04,40.74767603956982,-73.97671393823875,4,2026,True,east_37th_street,mid_block
east_37th_street_025,OK,qDTG2FSbt9nSd4xDXWsJ7Q,2026-04,40.74753764221054,-73.97658821091873,4,2026,True,east_37th_street,mid_block
east_37th_street_026,OK,UB_D8QS-GzB7kc01SWa2JA,2021-09,40.74748384750266,-73.97630178189569,9,2021,False,east_37th_street,mid_block
east_37th_street_027,OK,P8L-9dwWl-jh31TPNMqBjQ,2026-04,40.74738661673847,-73.97614000401231,4,2026,True,east_37th_street,mid_block
east_37th_street_028,OK,sObSP4xKHieiJ-o8WYvDfQ,2026-04,40.74733586648078,-73.97593500146576,4,2026,True,east_37th_street,mid_block
east_37th_street_029,OK,NzeZy6EPoYehbzyxVEHQzA,2026-04,40.74724186032865,-73.97570569608379,4,2026,True,east_37th_street,mid_block
east_37th_street_030,OK,QpAC2Gn3MrOdd5Y_COAHRQ,2026-04,40.74713887915053,-73.97552042215746,4,2026,True,east_37th_street,mid_block
east_37th_street_031,OK,d3TOtyBJVfYBInngXUgQgg,2026-04,40.74705183849609,-73.97530725827612,4,2026,True,east_37th_street,mid_block
east_37th_street_032,OK,3XV-0O9Y5vZdwYpU1yClqw,2026-04,40.74695841186816,-73.97509265931309,4,2026,True,east_37th_street,mid_block
east_37th_street_033,OK,VwCEt3ySzeNaQr0_A7GzwA,2026-04,40.74686526287564,-73.97487895689018,4,2026,True,east_37th_street,mid_block
east_37th_street_034,OK,WDFIzAGPBzCbwkLrbnKy9g,2026-04,40.74676809271338,-73.97465870773259,4,2026,True,east_37th_street,mid_block
east_37th_street_035,OK,rsVMKdjYxX-72xbIejLvyQ,2026-04,40.74667963119792,-73.97445253779192,4,2026,True,east_37th_street,mid_block
east_37th_street_036,OK,iIOztCL2TLI3fy1iTxKsFg,2026-04,40.74659002256167,-73.9742446637438,4,2026,True,east_37th_street,mid_block
east_37th_street_037,OK,sUqftFJ0UGLEbynhRfJ3TQ,2026-04,40.74649956729986,-73.9740345475127,4,2026,True,east_37th_street,mid_block
east_37th_street_038,OK,yG4FpFHUOJAfKk66xIgITg,2026-04,40.74640884717885,-73.9738241620169,4,2026,True,east_37th_street,mid_block
east_37th_street_039,OK,25YdfkuLrcKfLecFzHSKhg,2021-05,40.74631740362523,-73.97361027882825,5,2021,False,east_37th_street,mid_block
east_37th_street_040,OK,Ea-T3kPlw5iwMHDrHOJFjw,2024-09,40.74623493098953,-73.97341603502205,9,2024,False,east_37th_street,mid_block
east_37th_street_041,OK,4pNgL7y58eOF1LEMhdLY5w,2024-09,40.74614402484134,-73.9732011649139,9,2024,False,east_37th_street,mid_block
east_37th_street_042,OK,CYMkeBh1FoXvJU5YUUGOBw,2024-09,40.74609616096476,-73.97308816968565,9,2024,False,east_37th_street,mid_block
east_37th_street_043,OK,pbaapGBx1ACVu1VJBN1pJw,2026-04,40.74597678614413,-73.97281034462814,4,2026,True,east_37th_street,mid_block
east_37th_street_044,OK,Wc3Za0uN6mxNmfmuXHkfeQ,2024-09,40.7458882134868,-73.97259439769574,9,2024,False,east_37th_street,mid_block
east_37th_street_045,OK,9tTVIZgSddfGIJeYWE_3EQ,2024-09,40.74579701450637,-73.97237854020024,9,2024,False,east_37th_street,mid_block
east_37th_street_046,OK,hprRNLeIOZoehQnj0NRJJw,2026-04,40.74573139132251,-73.97225675593104,4,2026,True,east_37th_street,mid_block
east_37th_street_047,OK,v8EDKJBfKy5hXmUhE67enA,2024-09,40.74563051165143,-73.97201892663531,9,2024,False,east_37th_street,mid_block
east_38th_street_001,OK,zPAEp2PmVxEpouqQL_yM-Q,2026-04,40.75034538857874,-73.98123917026467,4,2026,True,east_38th_street,mid_block
east_38th_street_002,OK,Oou9vnCzxMtPZhbZaY59OA,2026-04,40.7502509168929,-73.98101552073805,4,2026,True,east_38th_street,mid_block
east_38th_street_003,OK,M9Ke3tHsWqT7YNC63kEpTQ,2026-04,40.75015780559784,-73.98079402315567,4,2026,True,east_38th_street,mid_block
east_38th_street_004,OK,ZgkT8u6LL1ygK-MYTvO1-g,2026-04,40.75006734430247,-73.98057898193876,4,2026,True,east_38th_street,mid_block
east_38th_street_005,OK,v7D6kukKU16SUp2xUmClUA,2026-04,40.74997201026163,-73.98035192397907,4,2026,True,east_38th_street,mid_block
east_38th_street_006,OK,1ZXe11xE1R4s9lwJFIruOA,2026-04,40.74988244081558,-73.98013733064505,4,2026,True,east_38th_street,mid_block
east_38th_street_007,OK,2UcY4YbkduUa27zE8oeFvw,2026-04,40.7497951786799,-73.97992731052666,4,2026,True,east_38th_street,mid_block
east_38th_street_008,OK,ogTrW7iTBBSgj1HssSgbBg,2026-04,40.74970761351636,-73.97971675212469,4,2026,True,east_38th_street,mid_block
east_38th_street_009,OK,VcbJc1lGzoOq7J6XSt9bxw,2026-04,40.74961141531326,-73.9795122914455,4,2026,True,east_38th_street,mid_block
east_38th_street_010,OK,BO7oD_-nw8ww4NQwLQAKtw,2026-04,40.7495260697312,-73.979333298497,4,2026,True,east_38th_street,mid_block
east_38th_street_011,OK,-intCq0LNHzFRyWPE1_Epw,2026-04,40.7494400658717,-73.97912525037148,4,2026,True,east_38th_street,mid_block
east_38th_street_012,OK,vmLVZIHkijad0-mcYhFWdQ,2026-04,40.7493506962656,-73.97891155242887,4,2026,True,east_38th_street,mid_block
east_38th_street_013,OK,6w_4N_kUFMG4vc9t_BCQbg,2026-04,40.74925949911489,-73.97869507428766,4,2026,True,east_38th_street,mid_block
east_38th_street_014,OK,uvAO_X52D1Nt9uIzimdiUw,2026-04,40.74917589898574,-73.97849653115513,4,2026,True,east_38th_street,mid_block
east_38th_street_015,OK,Fci_lUnXZ2X-6QUhJjCbFw,2026-04,40.74908841203283,-73.97828919953507,4,2026,True,east_38th_street,mid_block
east_38th_street_016,OK,IJu6PYtdsROnjZ5tTUKh0w,2026-04,40.74899978873835,-73.9780791773979,4,2026,True,east_38th_street,mid_block
east_38th_street_017,OK,M85v_MAOD1YdWs52ZQLREg,2026-04,40.74889357971851,-73.97791784939211,4,2026,True,east_38th_street,mid_block
east_38th_street_018,OK,k-LRzL-TeF4qznMmLfl8mQ,2026-04,40.74883839317206,-73.97769697597738,4,2026,True,east_38th_street,mid_block
east_38th_street_019,OK,e3qsPpcn9Gv_wV2vk9Rzig,2026-04,40.74875138423597,-73.97749089896948,4,2026,True,east_38th_street,mid_block
east_38th_street_020,OK,HVipw5Og2YFm5wxrp4rpUg,2026-04,40.74866233022358,-73.97727997919228,4,2026,True,east_38th_street,mid_block
east_38th_street_021,OK,7rSNdGZsOdsHcuAhRWIK9w,2026-04,40.74857081494586,-73.97706340953751,4,2026,True,east_38th_street,mid_block
east_38th_street_022,OK,EmNLuq201Q1MyGrRFvquWw,2026-04,40.74848038412381,-73.97684917124157,4,2026,True,east_38th_street,mid_block
east_38th_street_023,OK,E2DyZR5J4LkNakdfwCVZaw,2026-04,40.74839062161448,-73.97663645721815,4,2026,True,east_38th_street,mid_block
east_38th_street_024,OK,38G6U6IL8gnf90A_1YzrsQ,2026-04,40.74829543963749,-73.97640204106999,4,2026,True,east_38th_street,mid_block
east_38th_street_025,OK,nRd2-eKVFM6YWFa6Kt6icQ,2026-04,40.74824975248353,-73.97628841998032,4,2026,True,east_38th_street,mid_block
east_38th_street_026,OK,-ekg0gp1kN93sn8zwT-AiQ,2026-04,40.7481612030867,-73.97608000985134,4,2026,True,east_38th_street,mid_block
east_38th_street_027,OK,gAVcr1GgLm8K_VGManLe8w,2026-04,40.74806924849765,-73.9758651427178,4,2026,True,east_38th_street,mid_block
east_38th_street_028,OK,aEZC-gv2VxNTFg9N2mJUEw,2026-04,40.74797128081916,-73.97564668824084,4,2026,True,east_38th_street,mid_block
east_38th_street_029,OK,MVZuKvCsK0PthwIwHh-sjA,2026-04,40.74787234914049,-73.97543684257374,4,2026,True,east_38th_street,mid_block
east_38th_street_030,OK,dsk-Od2qRSPL4tjo7rB3kA,2026-04,40.7477742584561,-73.97519417460667,4,2026,True,east_38th_street,mid_block
east_38th_street_031,OK,Zi4OmnGhzOKPDEqGvzR8uA,2026-04,40.74768695611667,-73.97498872266286,4,2026,True,east_38th_street,mid_block
east_38th_street_032,OK,8Ho9aYbphKO07YXCR0iK1Q,2026-04,40.74759737826528,-73.97477627561639,4,2026,True,east_38th_street,mid_block
east_38th_street_033,OK,O5fC9_fm76rudoQ91lqn2g,2026-04,40.74750980986026,-73.97456364897921,4,2026,True,east_38th_street,mid_block
east_38th_street_034,OK,OqX9-sk0fT1vVU--pV_uuA,2026-04,40.7474209508275,-73.97435308470546,4,2026,True,east_38th_street,mid_block
east_38th_street_035,OK,WwAaEG6hl_C-qZOJgsMcaw,2026-04,40.74733227483963,-73.97414646604591,4,2026,True,east_38th_street,mid_block
east_38th_street_036,OK,gOEyve0f7vRYMQ2GE45QtA,2026-04,40.74725342096472,-73.97396441903966,4,2026,True,east_38th_street,mid_block
east_38th_street_037,OK,JXvG18OEU-JSD6NkbYmxlQ,2026-04,40.74716174707113,-73.97374784565275,4,2026,True,east_38th_street,mid_block
east_38th_street_038,OK,bH_wC2dWFy4e3gS6e925dA,2026-04,40.74707523147269,-73.9735415850577,4,2026,True,east_38th_street,mid_block
east_38th_street_039,OK,q6oDxteu3DZ4MVzAgXd8dQ,2026-04,40.7469846268116,-73.9733261770177,4,2026,True,east_38th_street,mid_block
east_38th_street_040,OK,zGpITbm_5nOQqrx7AtFYKw,2026-04,40.74694512877431,-73.97319246607725,4,2026,True,east_38th_street,mid_block
east_38th_street_041,OK,zaFkwh_rpOSFwBUpNk5Tyg,2026-04,40.74683224341,-73.97296243999658,4,2026,True,east_38th_street,mid_block
east_38th_street_042,OK,NJEDwyTyORq03oa9CMNfqg,2026-04,40.74674342118172,-73.97274685195057,4,2026,True,east_38th_street,mid_block
east_38th_street_043,OK,b6nyzMJrmAOaullMhmoEJg,2026-04,40.74665214907984,-73.9725251654884,4,2026,True,east_38th_street,mid_block
east_38th_street_044,OK,INiF0BbQsc9h2pN-s4r2EA,2026-04,40.74656446187272,-73.97231226732691,4,2026,True,east_38th_street,mid_block
east_38th_street_045,OK,fViLd2M8Sj5nThdRQciJaw,2026-04,40.74647784757597,-73.9721021489864,4,2026,True,east_38th_street,mid_block
east_38th_street_046,OK,4gZeGl6UZ9LrL7m5EaTNeg,2026-04,40.74639213205892,-73.97189570726928,4,2026,True,east_38th_street,mid_block
east_38th_street_047,OK,LeMyijIQx_rKZZLO8HRNBw,2026-04,40.74630140046403,-73.9716751856597,4,2026,True,east_38th_street,mid_block
east_39th_street_001,OK,zpPPMlgKCF5gXjtYGRWDBA,2026-04,40.75093955725168,-73.98076182976111,4,2026,True,east_39th_street,mid_block
east_39th_street_002,OK,OEQLMuyRWj2XdX5h4n5imQ,2026-04,40.75083518130415,-73.98051620922793,4,2026,True,east_39th_street,mid_block
east_39th_street_003,OK,X1RRvFqMHxD0c3d0kZHGiA,2026-04,40.75074854761253,-73.98031219777609,4,2026,True,east_39th_street,mid_block
east_39th_street_004,OK,chh9d0sDHNuBbwbqqYnJ2Q,2026-04,40.75065789995304,-73.98009850115285,4,2026,True,east_39th_street,mid_block
east_39th_street_005,OK,SyyqH1AyhMlfMNwuu6h9yg,2026-04,40.75057057111085,-73.9798927854212,4,2026,True,east_39th_street,mid_block
east_39th_street_006,OK,1vl6tFP4CKAxCrJVn5WCEg,2026-04,40.75047513930747,-73.97966769951665,4,2026,True,east_39th_street,mid_block
east_39th_street_007,OK,SSfEaSTGjN1dnLSv1lEXcg,2026-04,40.75043672890182,-73.97955964025371,4,2026,True,east_39th_street,mid_block
east_39th_street_008,OK,wg9UJYpF68BxIJk1E8u9Fg,2026-04,40.75035508218865,-73.97934298349047,4,2026,True,east_39th_street,mid_block
east_39th_street_009,OK,ltK12NjeKyfU-fdmY-eB-A,2026-04,40.75026831303143,-73.97911520666317,4,2026,True,east_39th_street,mid_block
east_39th_street_010,OK,rM5tF0ar33DAemL55kZRxw,2026-04,40.75018048896357,-73.97890123968119,4,2026,True,east_39th_street,mid_block
east_39th_street_011,OK,lWxmqxObR63qYv5QR6kt9A,2026-04,40.75009113432417,-73.97868870727982,4,2026,True,east_39th_street,mid_block
east_39th_street_012,OK,jpXGHRUVRp6u23-yqC2MTQ,2026-04,40.75000278872522,-73.97847850622645,4,2026,True,east_39th_street,mid_block
east_39th_street_013,OK,HsZmA3lPFbdYP-K4VSOzIw,2026-04,40.74991489596671,-73.9782688430015,4,2026,True,east_39th_street,mid_block
east_39th_street_014,OK,l2g5WZhYA2G978tYiGM8hA,2026-04,40.74982750596783,-73.97805953825379,4,2026,True,east_39th_street,mid_block
east_39th_street_015,OK,3gzCPMaYcjz180GhxCOmJw,2026-04,40.749739787466,-73.97784951586581,4,2026,True,east_39th_street,mid_block
east_39th_street_016,OK,qV6nwTrjw62pdtPGtyhpHQ,2026-04,40.74964833282673,-73.97763070493583,4,2026,True,east_39th_street,mid_block
east_39th_street_017,OK,kOJmCPU6jeyhiUX5eTNCoQ,2026-04,40.74953235298041,-73.97745153088236,4,2026,True,east_39th_street,mid_block
east_39th_street_018,OK,Szij9PTocfNQ69EAjp9dQQ,2026-04,40.74948203409372,-73.97724052138514,4,2026,True,east_39th_street,mid_block
east_39th_street_019,OK,pg0q2eymrBHe0YkTCV9Ssw,2026-04,40.74939346005329,-73.97703085681054,4,2026,True,east_39th_street,mid_block
east_39th_street_020,OK,zytsFOT5_T2v27qaymZN6Q,2026-04,40.74930614467365,-73.97682262684002,4,2026,True,east_39th_street,mid_block
east_39th_street_021,OK,mnBrL2p0HDMB_izi6y59yw,2026-04,40.74921326634922,-73.97659646121615,4,2026,True,east_39th_street,mid_block
east_39th_street_022,OK,HSkmkdufklVTtz37pF4zwg,2026-04,40.7491262580747,-73.97638509207192,4,2026,True,east_39th_street,mid_block
east_39th_street_023,OK,eFgyJqiHn092lgdBFisDyg,2026-04,40.74903021461135,-73.9761600020618,4,2026,True,east_39th_street,mid_block
east_39th_street_024,OK,PAu6bUuRyaiaGFdivT6Ifw,2026-04,40.74893456438142,-73.9759371537246,4,2026,True,east_39th_street,mid_block
east_39th_street_025,OK,uZNPwvhevndSgV5yzgZfhg,2026-04,40.74884640766054,-73.9757304470885,4,2026,True,east_39th_street,mid_block
east_39th_street_026,OK,WI2cHrfffmnMEw9993ZzIg,2026-04,40.74875704742785,-73.9755253544279,4,2026,True,east_39th_street,mid_block
east_39th_street_027,OK,opjfYayJ7gbp-eiWUBaXXg,2026-04,40.74866208342822,-73.97530734795386,4,2026,True,east_39th_street,mid_block
east_39th_street_028,OK,OUMBBGXOivSzwY6zi0VRQg,2026-04,40.74857363025652,-73.97509750191665,4,2026,True,east_39th_street,mid_block
east_39th_street_029,OK,8TA-CXCC3fseYRw-0BaBUQ,2026-04,40.74851176127452,-73.97497186321819,4,2026,True,east_39th_street,mid_block
east_39th_street_030,OK,6sO8CszOd-SLZPAzyY9-sA,2026-04,40.74841704707676,-73.97474076312818,4,2026,True,east_39th_street,mid_block
east_39th_street_031,OK,uR3WhHAKv5EnihkZQLO8zw,2026-04,40.74832741296394,-73.97453163389793,4,2026,True,east_39th_street,mid_block
east_39th_street_032,OK,j1WAHka9HvGKnWsWheUpeA,2026-04,40.74823878801048,-73.97432483607368,4,2026,True,east_39th_street,mid_block
east_39th_street_033,OK,1509MpyQJo9sLNagkEdZwA,2026-04,40.74815023797291,-73.97411803802723,4,2026,True,east_39th_street,mid_block
east_39th_street_034,OK,vV-IDRwBBGArKTznJUpVWw,2026-04,40.748057749729,-73.97390209256199,4,2026,True,east_39th_street,mid_block
east_39th_street_035,OK,bQSHiMD5gT2Ze65garVK1g,2026-04,40.74796733228061,-73.97369170692139,4,2026,True,east_39th_street,mid_block
east_39th_street_036,OK,pUXxcrnHvWaFtzGeuWfp_w,2026-04,40.74788659267422,-73.973502754234,4,2026,True,east_39th_street,mid_block
east_39th_street_037,OK,TvI6ZgEzA-JgB6LFtzdNfA,2026-04,40.74780269667497,-73.97329317526504,4,2026,True,east_39th_street,mid_block
east_39th_street_038,OK,W5VoDVjRnXMxz6bPc7TrSQ,2026-04,40.74771881189572,-73.97308314767398,4,2026,True,east_39th_street,mid_block
east_39th_street_039,OK,4k_uZ5VmD03qBOWYKEO64g,2026-04,40.74762655624048,-73.97285240403156,4,2026,True,east_39th_street,mid_block
east_39th_street_040,OK,loz-gWScg87ub8lQhZxTcw,2026-04,40.7475445314162,-73.97265600716504,4,2026,True,east_39th_street,mid_block
east_39th_street_041,OK,YQPalxa6UulpdpK99yEW_g,2026-04,40.74746707142425,-73.97247476586068,4,2026,True,east_39th_street,mid_block
east_39th_street_042,OK,Zl2mjfdT4gHLnJCFhvv_Mg,2026-04,40.74737122216337,-73.97225110614347,4,2026,True,east_39th_street,mid_block
east_39th_street_043,OK,cQsrusG29t0zFks8Fb69Kw,2026-04,40.7472805100177,-73.97203973222646,4,2026,True,east_39th_street,mid_block
east_39th_street_044,OK,UBm3DmV9PTWtpjQqV6gSwA,2026-04,40.7471902518008,-73.97182943422976,4,2026,True,east_39th_street,mid_block
east_39th_street_045,OK,wlETha9wvl5doZsAsQJAXA,2026-04,40.74710193607494,-73.97162326125861,4,2026,True,east_39th_street,mid_block
east_39th_street_046,OK,dY1xfHLB0igeYnh2NH5XLQ,2026-04,40.74701151233113,-73.97141233505009,4,2026,True,east_39th_street,mid_block
east_39th_street_047,OK,Y01Mt0kSWGgvZEacPxCnMA,2026-04,40.74693255172876,-73.971229568021,4,2026,True,east_39th_street,mid_block
east_40th_street_001,OK,ocR8tjXRs7q2bq-7p3xoeg,2026-04,40.75155266021095,-73.98025704739041,4,2026,True,east_40th_street,mid_block
east_40th_street_002,OK,ziiG4BAQ78YYiEb4QCUpng,2026-04,40.75150586860398,-73.9801478226774,4,2026,True,east_40th_street,mid_block
east_40th_street_003,OK,7kxoJhwVk8D-RAlIVr1ltw,2026-04,40.75141721986953,-73.97994129991828,4,2026,True,east_40th_street,mid_block
east_40th_street_004,OK,v6lDbV13dO6K1ZtcAnqWhQ,2026-04,40.75132720668434,-73.97973101055868,4,2026,True,east_40th_street,mid_block
east_40th_street_005,OK,TQB7L8CQnGTtXXesRSnnrg,2026-04,40.75123930167836,-73.97951964485968,4,2026,True,east_40th_street,mid_block
east_40th_street_006,OK,xbQgdq-LcXcZWL0n8DxuIg,2026-04,40.75115070501508,-73.97930818925242,4,2026,True,east_40th_street,mid_block
east_40th_street_007,OK,w9nhDa7KR0Yaed2b_OyxYQ,2026-04,40.75106116507885,-73.97909646438467,4,2026,True,east_40th_street,mid_block
east_40th_street_008,OK,MznzULp1RNKIaN76INwuZA,2026-04,40.75096862871422,-73.97888169029713,4,2026,True,east_40th_street,mid_block
east_40th_street_009,OK,3U3MsXOqGsdLQ0bO7H5yrg,2026-04,40.75087199116243,-73.97867095139766,4,2026,True,east_40th_street,mid_block
east_40th_street_010,OK,GlGDWEKb4yUoSSMokAiYlw,2026-04,40.75078931818715,-73.97845716327389,4,2026,True,east_40th_street,mid_block
east_40th_street_011,OK,ZCulNTU7DtFLav_SpTEoWw,2026-04,40.75070188039214,-73.97824857614215,4,2026,True,east_40th_street,mid_block
east_40th_street_012,OK,Cvqad8LXQht8hwda_qn8Cg,2026-04,40.75061079874492,-73.97803344240167,4,2026,True,east_40th_street,mid_block
east_40th_street_013,OK,7fiheV3rvBOq9hCz63llNg,2026-04,40.7505191359264,-73.97781687359534,4,2026,True,east_40th_street,mid_block
east_40th_street_014,OK,zcEUSulMlrZwwsB49567zw,2026-04,40.75042894922508,-73.97760380193546,4,2026,True,east_40th_street,mid_block
east_40th_street_015,OK,UeOt3iFZffb0eAn7uEG6AA,2026-04,40.75034134907029,-73.97739673838323,4,2026,True,east_40th_street,mid_block
east_40th_street_016,OK,L3_0h-Y70H7XYJO5aN68RQ,2026-04,40.75025390024077,-73.9771902126693,4,2026,True,east_40th_street,mid_block
east_40th_street_017,OK,wirGGI_nltRT_ObxW-5AEQ,2026-04,40.7501303640341,-73.97701462528347,4,2026,True,east_40th_street,mid_block
east_40th_street_018,OK,nGVa1fvXiu1sKm91rThE9w,2026-04,40.75008492262188,-73.97679231599865,4,2026,True,east_40th_street,mid_block
east_40th_street_019,OK,PbcGVOP-eUZStXwa8mWsRw,2026-04,40.74999814020114,-73.97658677608436,4,2026,True,east_40th_street,mid_block
east_40th_street_020,OK,DgBhFnOMHQVxmMfXv1TDFQ,2026-04,40.74990748250745,-73.97637199919409,4,2026,True,east_40th_street,mid_block
east_40th_street_021,OK,o0X3KZs70gvjNVMpJoxjyQ,2026-04,40.74981820013983,-73.97616054012587,4,2026,True,east_40th_street,mid_block
east_40th_street_022,OK,mUsUG2Ug_lpmhylz_lms9w,2026-04,40.7497276677752,-73.9759461214695,4,2026,True,east_40th_street,mid_block
east_40th_street_023,OK,s-DKhMwGsyTo3WQN4fQt3Q,2026-04,40.74963684404221,-73.97573071612113,4,2026,True,east_40th_street,mid_block
east_40th_street_024,OK,i_PM384mFuTPJX1jyt28BQ,2026-04,40.7495442160878,-73.975511633748,4,2026,True,east_40th_street,mid_block
east_40th_street_025,OK,pLr5cA2oCJ8YD_WqvyOoOA,2026-04,40.7494567544193,-73.97530716859836,4,2026,True,east_40th_street,mid_block
east_40th_street_026,OK,GJ9wP8jDMzbTgvRxAIRf1g,2026-04,40.74938420926289,-73.97513713951899,4,2026,True,east_40th_street,mid_block
east_40th_street_027,OK,eVRW3mr1oL2ycdGB68L1HQ,2026-04,40.74929371479175,-73.97492406489094,4,2026,True,east_40th_street,mid_block
east_40th_street_028,OK,nBVdSu5SBIx7IbbX865bSw,2026-04,40.74920511273357,-73.97471529457198,4,2026,True,east_40th_street,mid_block
east_40th_street_029,OK,FiUObgVak8W1qo2Wto8lkA,2026-04,40.74915109979591,-73.97450060527065,4,2026,True,east_40th_street,mid_block
east_40th_street_030,OK,VHLVCBVPHGZSZCqwoOsbUQ,2026-04,40.74904213871502,-73.97432842320177,4,2026,True,east_40th_street,mid_block
east_40th_street_031,OK,qo3itGneIffjWuppasHCZg,2026-04,40.74895310012714,-73.97411552703483,4,2026,True,east_40th_street,mid_block
east_40th_street_032,OK,yQGJCDk90s5onlv-Dvk8Mw,2026-04,40.74886585313391,-73.97390675583871,4,2026,True,east_40th_street,mid_block
east_40th_street_033,OK,AoXEfrHmkX7Tcccf9szk_g,2026-04,40.74877078011762,-73.97367951064531,4,2026,True,east_40th_street,mid_block
east_40th_street_034,OK,J2DpK6enPyzjzFzpi7ZQyg,2026-04,40.74868069215888,-73.97346401308106,4,2026,True,east_40th_street,mid_block
east_40th_street_035,OK,zGY65vqC1dgvrgWBeU7H9g,2026-04,40.74859106768985,-73.97324806688201,4,2026,True,east_40th_street,mid_block
east_40th_street_036,OK,vzsq9e6pohoVE2RHcQoWhA,2026-04,40.74849850079715,-73.97302467709973,4,2026,True,east_40th_street,mid_block
east_40th_street_037,OK,ocTeagFTwNcZT55BmgicvA,2026-04,40.74840943476276,-73.9728121382063,4,2026,True,east_40th_street,mid_block
east_40th_street_038,OK,DC5LK6H-YpnfnCGmqaAHfg,2026-04,40.74831824802433,-73.97259475641178,4,2026,True,east_40th_street,mid_block
east_40th_street_039,OK,qorvV3HqxTNmRDyckXtNsA,2026-04,40.74823088502801,-73.9723862526035,4,2026,True,east_40th_street,mid_block
east_40th_street_040,OK,V8rnjUs3F1xTT4OYDJeVkg,2026-04,40.74815086646722,-73.97219442890042,4,2026,True,east_40th_street,mid_block
east_40th_street_041,OK,updHMFKklHgYSFOMmYYSRA,2026-04,40.74806558995206,-73.97198682145147,4,2026,True,east_40th_street,mid_block
east_40th_street_042,OK,yN_r5otzTcWQQU4EVphluQ,2026-04,40.74797755563905,-73.9717762543588,4,2026,True,east_40th_street,mid_block
east_40th_street_043,OK,K1Z2mFefxCULlCv1Oc7vCg,2026-04,40.74789061543125,-73.97157286139475,4,2026,True,east_40th_street,mid_block
east_40th_street_044,OK,zRjvWAoE1WhfzbKhKY5BgQ,2026-04,40.74780044603487,-73.97136319064519,4,2026,True,east_40th_street,mid_block
east_40th_street_045,OK,BVOSu24kI0QSScVKoU7uwQ,2026-04,40.74773413864432,-73.97121270824707,4,2026,True,east_40th_street,mid_block
east_40th_street_046,OK,iBfjzNckTRLrw67StkRXmQ,2026-04,40.747643210337,-73.97100088479131,4,2026,True,east_40th_street,mid_block
east_41st_street_001,OK,vGOsj__G-bfaWxGO5947Eg,2026-04,40.75219888964967,-73.97985610809455,4,2026,True,east_41st_street,mid_block
east_41st_street_002,OK,LsbiJr1q_XVEaUFJS53Q1w,2026-04,40.75212223511866,-73.97967406649208,4,2026,True,east_41st_street,mid_block
east_41st_street_003,OK,_gJuQQh53nXMXVsO3AqLJw,2026-04,40.75203865996285,-73.97947991848471,4,2026,True,east_41st_street,mid_block
east_41st_street_004,OK,Fu1X1KHu9SZUacNqSUd7xQ,2026-04,40.75194899023506,-73.97927204986964,4,2026,True,east_41st_street,mid_block
east_41st_street_005,OK,kVPsP_zbhQaHWlACovLAlA,2026-04,40.75185879032456,-73.97906310491791,4,2026,True,east_41st_street,mid_block
east_41st_street_006,OK,Hy_Q9B9xj6PAzT07T2WGbg,2026-04,40.75176971302352,-73.97885676034574,4,2026,True,east_41st_street,mid_block
east_41st_street_007,OK,u1rnPjRS1493VicEoQTPQA,2026-04,40.75167893151077,-73.97864638012372,4,2026,True,east_41st_street,mid_block
east_41st_street_008,OK,xZsCrE8PEyFjB4xn48nP6w,2026-04,40.75158775782467,-73.97843483387979,4,2026,True,east_41st_street,mid_block
east_41st_street_009,OK,03adPYSS-9RFJd85ta395A,2026-04,40.75149706550049,-73.97822561898914,4,2026,True,east_41st_street,mid_block
east_41st_street_010,OK,BL3VgrHdbgW5Uwf8UEJtbQ,2026-04,40.75141728092979,-73.97804438293117,4,2026,True,east_41st_street,mid_block
east_41st_street_011,OK,F_PbT_aIoyeIdXG1XDCC3A,2026-04,40.75132706135921,-73.97783319473128,4,2026,True,east_41st_street,mid_block
east_41st_street_012,OK,Mqy-oaNO16Slnzv1iwgakg,2026-04,40.75123685198056,-73.97762101985613,4,2026,True,east_41st_street,mid_block
east_41st_street_013,OK,ACyyWiJj0A3-qGo5rEarlg,2026-04,40.75114804232499,-73.97741180408013,4,2026,True,east_41st_street,mid_block
east_41st_street_014,OK,4IknqOIoaSLO4JJPls20WA,2026-04,40.7510533511274,-73.97718877783943,4,2026,True,east_41st_street,mid_block
east_41st_street_015,OK,SMbGA6BmvAl2Qe0r8wa7EA,2026-04,40.75096326554647,-73.97697642289944,4,2026,True,east_41st_street,mid_block
east_41st_street_016,OK,XN_xOV9DKAh6v0mBoRj1Kg,2026-04,40.75087693340736,-73.97676926899476,4,2026,True,east_41st_street,mid_block
east_41st_street_017,OK,LZaqgmmoVFhsYx7CIbcWUQ,2026-04,40.75077581906812,-73.97655198134764,4,2026,True,east_41st_street,mid_block
east_41st_street_018,OK,SW5SMjGAWs5DzgPY6NCnMQ,2026-04,40.75067755007183,-73.97630536898691,4,2026,True,east_41st_street,mid_block
east_41st_street_019,OK,FAexfmTQdeaPd4s5uUXLsg,2026-04,40.75063294328798,-73.97619775622132,4,2026,True,east_41st_street,mid_block
east_41st_street_020,OK,er3fzhhfFBlUYgxmA5d6rw,2026-04,40.75054405737938,-73.97598324792901,4,2026,True,east_41st_street,mid_block
east_41st_street_021,OK,ElsCnyZMOhwKw9E0JYfEPQ,2026-04,40.75045354248294,-73.97576470390862,4,2026,True,east_41st_street,mid_block
east_41st_street_022,OK,SHL2ZxrG5cfx_6YpUGIgFg,2026-04,40.75036792426155,-73.97555781773198,4,2026,True,east_41st_street,mid_block
east_41st_street_023,OK,jbsXwpqy70FGNe-u8iRcIg,2026-04,40.75027912159191,-73.9753481513234,4,2026,True,east_41st_street,mid_block
east_41st_street_024,OK,OpVDVXWCP3ZSYWzw4SF2Lg,2026-04,40.75019141408456,-73.97513982985369,4,2026,True,east_41st_street,mid_block
east_41st_street_025,OK,7F-rf9k2_oLNBG6pwM0Q8w,2026-04,40.7501400357055,-73.9749160835556,4,2026,True,east_41st_street,mid_block
east_41st_street_026,OK,FYZvaFUdKE7MZaioJsn_6A,2026-04,40.75002126144583,-73.97472946369874,4,2026,True,east_41st_street,mid_block
east_41st_street_027,OK,alyyCGTb0ZDhsQ5FmDfXpg,2026-04,40.74993284653286,-73.97451988606564,4,2026,True,east_41st_street,mid_block
east_41st_street_028,OK,66tEhwNdMIRA0us4zyU9-w,2026-04,40.74984520083493,-73.97431201209028,4,2026,True,east_41st_street,mid_block
east_41st_street_029,OK,9rZJuwIL2XiMHVRsWEwO2A,2026-04,40.74971312899729,-73.97409759137395,4,2026,True,east_41st_street,mid_block
east_41st_street_030,OK,TaO4spwnTy2SNEf5gcwC3A,2026-04,40.74965117517743,-73.97385088618897,4,2026,True,east_41st_street,mid_block
east_41st_street_031,OK,5hWRp8smFDCi2gJuCGRAbw,2026-04,40.74956396856835,-73.97364345988359,4,2026,True,east_41st_street,mid_block
east_41st_street_032,OK,wr68ijXJR8gI_ah42wPuxw,2026-04,40.74947769575305,-73.97343836499867,4,2026,True,east_41st_street,mid_block
east_41st_street_033,OK,RrquuQxi9W1jTgrWDoLzeg,2026-04,40.74938797629861,-73.97322492977489,4,2026,True,east_41st_street,mid_block
east_41st_street_034,OK,Oa4o3qXVUYgWm9K4x-IcXQ,2026-04,40.74930240332243,-73.97301839958303,4,2026,True,east_41st_street,mid_block
east_41st_street_035,OK,wDtwAO7Bb2RK3wcgYYiCPA,2026-04,40.74921617914327,-73.97280675747177,4,2026,True,east_41st_street,mid_block
east_41st_street_036,OK,3J-gJBsOPml3WXlld0aOHw,2026-04,40.74912862621934,-73.97259690870798,4,2026,True,east_41st_street,mid_block
east_41st_street_037,OK,BwV6L_DChJNe2zuTBr-qxQ,2026-04,40.74903805011838,-73.97238329319298,4,2026,True,east_41st_street,mid_block
east_41st_street_038,OK,1HxjwHLCooXDm27J1S5_zQ,2026-04,40.74895234671567,-73.97218169445426,4,2026,True,east_41st_street,mid_block
east_41st_street_039,OK,G4mgzUrhVz4MgRHrBGscHQ,2026-04,40.74885910688339,-73.9719620699653,4,2026,True,east_41st_street,mid_block
east_41st_street_040,OK,V52trPnLooZDwLhfAWX8zQ,2026-04,40.74876553845427,-73.97174172779054,4,2026,True,east_41st_street,mid_block
east_41st_street_041,OK,LSuMnKXIsFjntyJvaMLBpA,2026-04,40.74867694258218,-73.9715330436994,4,2026,True,east_41st_street,mid_block
east_41st_street_042,OK,7CmGe1MeobkMVpIEeHdNpA,2026-04,40.74863224738217,-73.97142802897237,4,2026,True,east_41st_street,mid_block
east_41st_street_043,OK,BRmZt-G4YaBOjPd4wljaLA,2026-04,40.74851264941614,-73.97114598657403,4,2026,True,east_41st_street,mid_block
east_41st_street_044,OK,BbTm7q5sDV9IyO3uoEYIrA,2026-04,40.74843875414317,-73.97092564346536,4,2026,True,east_41st_street,mid_block
east_41st_street_045,OK,-UuHfZxyLSnkrSY4QaEJ0A,2017-11,40.74833755779228,-73.97072485031936,11,2017,False,east_41st_street,mid_block
east_41st_street_046,OK,FPQ2tXIGJoWuAAOQixCNag,2017-09,40.74805906008433,-73.97008632851716,9,2017,False,east_41st_street,mid_block
east_42nd_street_001,OK,TXqKzQiBZkOMYwRWyHeBHg,2026-04,40.75286461299805,-73.97939876186925,4,2026,True,east_42nd_street,mid_block
east_42nd_street_002,OK,f7D_IMdlIjWItkwGRHVf0A,2026-04,40.75276969421768,-73.9791852435825,4,2026,True,east_42nd_street,mid_block
east_42nd_street_003,OK,OHaqv5nJ8YdTFRFXHUTiwQ,2026-04,40.75267568813727,-73.9789696625098,4,2026,True,east_42nd_street,mid_block
east_42nd_street_004,OK,m8xyW-y2bimjZgucWZCY8w,2026-04,40.75258068181541,-73.9787634971896,4,2026,True,east_42nd_street,mid_block
east_42nd_street_005,OK,W7qp8RPwbo4f2Li9OZKGog,2026-04,40.75247809750488,-73.97852998039643,4,2026,True,east_42nd_street,mid_block
east_42nd_street_006,OK,Cr5ds2YGKoUoIiBsdXbHhg,2026-04,40.75237987309957,-73.9783101838009,4,2026,True,east_42nd_street,mid_block
east_42nd_street_007,OK,CAoSF0NJSE0wb2dLRUlDQWdJQzYxcF95bFFF,2013-01,40.75232518370432,-73.97819100390171,1,2013,False,east_42nd_street,mid_block
east_42nd_street_008,OK,6lgZa5a4e3HYshaHKW2mcQ,2026-04,40.75224735942615,-73.97799649569089,4,2026,True,east_42nd_street,mid_block
east_42nd_street_009,OK,t3xm6w6DCeEG3FWmuzXCZA,2026-04,40.75216006553957,-73.97778414164273,4,2026,True,east_42nd_street,mid_block
east_42nd_street_010,OK,zlFALrkqgRcIv3MPQoHLCw,2026-04,40.7520739676042,-73.97757331186381,4,2026,True,east_42nd_street,mid_block
east_42nd_street_011,OK,hIX0mTURLesMJEj2RtItrA,2026-04,40.75198777386363,-73.97735862575189,4,2026,True,east_42nd_street,mid_block
east_42nd_street_012,OK,2fIDodg8kSw_txslM7pxlw,2026-04,40.75189961973206,-73.97714393940034,4,2026,True,east_42nd_street,mid_block
east_42nd_street_013,OK,o9hCfMy1pA46ebz3Pgk-RQ,2026-04,40.75180877550541,-73.9769156219064,4,2026,True,east_42nd_street,mid_block
east_42nd_street_014,OK,GgKN3VA7Hhhf6WqU2v4EBQ,2026-04,40.75172137622081,-73.97670201118554,4,2026,True,east_42nd_street,mid_block
east_42nd_street_015,OK,3fjvZn_1bix6Xkj8EYJ_rw,2026-04,40.75163332245339,-73.97648804151866,4,2026,True,east_42nd_street,mid_block
east_42nd_street_016,OK,3bMWgISwy0YPV-zMAd4xeg,2026-04,40.75154377020333,-73.97627254709978,4,2026,True,east_42nd_street,mid_block
east_42nd_street_017,OK,nbiARjK75-J-Bg87W7j8AA,2026-04,40.75141069493132,-73.97608180339903,4,2026,True,east_42nd_street,mid_block
east_42nd_street_018,OK,sRwO0NezLWyrhfbsJVnXmA,2026-04,40.75136328514675,-73.97586263174821,4,2026,True,east_42nd_street,mid_block
east_42nd_street_019,OK,wiMxb1HNkVK3rm9fCRmEQg,2026-04,40.75127401889793,-73.97565287599423,4,2026,True,east_42nd_street,mid_block
east_42nd_street_020,OK,ZSbah7jnBpMQOueyyWLrmA,2026-04,40.75118604196197,-73.9754474245402,4,2026,True,east_42nd_street,mid_block
east_42nd_street_021,OK,wYzKUOco4UAuRbgiKrnuNg,2026-04,40.75109248011322,-73.97523874446688,4,2026,True,east_42nd_street,mid_block
east_42nd_street_022,OK,VG0Swmv2QyQDFfh3ryOqVw,2026-04,40.75100108172573,-73.97502513188408,4,2026,True,east_42nd_street,mid_block
east_42nd_street_023,OK,nLsp0w1WEM0ondNFajsQeA,2026-04,40.75091066927749,-73.97480838033496,4,2026,True,east_42nd_street,mid_block
east_42nd_street_024,OK,qO6KlF_Wbd2tU5_-wn0cJw,2026-04,40.75081681028903,-73.97458328848022,4,2026,True,east_42nd_street,mid_block
east_42nd_street_025,OK,3TQKJ0m1QhUjczhyHgO25Q,2026-04,40.75077492059101,-73.97445235843563,4,2026,True,east_42nd_street,mid_block
east_42nd_street_026,OK,ji8gjBaIITCNuwWjl2y65Q,2026-04,40.75066735509542,-73.97422789391219,4,2026,True,east_42nd_street,mid_block
east_42nd_street_027,OK,TbA10hZdfO13EspcY_tkEg,2026-04,40.75057879965036,-73.97401732927105,4,2026,True,east_42nd_street,mid_block
east_42nd_street_028,OK,2uH-ZA1NXySVaG9SuRwYlg,2026-04,40.75049207521493,-73.97380532954442,4,2026,True,east_42nd_street,mid_block
east_42nd_street_029,OK,f5jFiWiRAWYp5OqpqvKmhQ,2026-04,40.75040491404319,-73.97358866629995,4,2026,True,east_42nd_street,mid_block
east_42nd_street_030,OK,NiKQvuF5jKFCzGcLjMkH3Q,2026-04,40.75031976400993,-73.97338563396539,4,2026,True,east_42nd_street,mid_block
east_42nd_street_031,OK,bjEIRgA8g1IIb4Cxm7HXDw,2026-04,40.750228122549,-73.97316556245627,4,2026,True,east_42nd_street,mid_block
east_42nd_street_032,OK,m7pvtTtlRaVXbvpBKseHig,2026-04,40.75013751031249,-73.9729516785358,4,2026,True,east_42nd_street,mid_block
east_42nd_street_033,OK,WA7RJwEozgpe3z3pjPMHmQ,2026-04,40.7500484146903,-73.97274263704044,4,2026,True,east_42nd_street,mid_block
east_42nd_street_034,OK,MqOv5TWTs9ExPAe-MysaBA,2026-04,40.74995816142059,-73.97252651067403,4,2026,True,east_42nd_street,mid_block
east_42nd_street_035,OK,DI-Ao3UGS9RV5d6-LR9cWw,2026-04,40.74986986441203,-73.97230876984041,4,2026,True,east_42nd_street,mid_block
east_42nd_street_036,OK,yo_XWlVNuKjq1KdQ_aPrFQ,2026-04,40.74979481697927,-73.97210788845754,4,2026,True,east_42nd_street,mid_block
east_42nd_street_037,OK,OE2UaWfWPNximZhQ_Nvv5Q,2026-04,40.74970706997869,-73.97189561758995,4,2026,True,east_42nd_street,mid_block
east_42nd_street_038,OK,nbtvDeIRXnjYlleDwQEguA,2026-04,40.74961558410365,-73.97169258346972,4,2026,True,east_42nd_street,mid_block
east_42nd_street_039,OK,OzCDuRUto94bfaqQSmveCQ,2026-04,40.74952314225207,-73.971482823171,4,2026,True,east_42nd_street,mid_block
east_42nd_street_040,OK,YQuEwZcklYOwsbCWNR2Kgg,2026-04,40.74943448177337,-73.97127315232338,4,2026,True,east_42nd_street,mid_block
east_42nd_street_041,OK,GAcB-4wTdknbsKT03h46kg,2026-04,40.74936888245663,-73.97111809619041,4,2026,True,east_42nd_street,mid_block
east_42nd_street_042,OK,n1u6NEIEb_-6GBxgkeMnEw,2026-04,40.7492775487791,-73.97090394095588,4,2026,True,east_42nd_street,mid_block
east_42nd_street_043,OK,n2FwwrfcEh3xg-EyChDJ5A,2026-04,40.74918732517092,-73.97069229652026,4,2026,True,east_42nd_street,mid_block
east_42nd_street_044,OK,GVtoo24fB3xBUzq9O9q60w,2026-04,40.7491015837057,-73.9704856739316,4,2026,True,east_42nd_street,mid_block
east_42nd_street_045,OK,_COazMYRwFmHfJoc0lnAnw,2026-04,40.74901023048137,-73.97026873791091,4,2026,True,east_42nd_street,mid_block
east_42nd_street_046,OK,D6-FLOKD12pKMuD9Jk5AEg,2026-04,40.74891858054343,-73.97005449205167,4,2026,True,east_42nd_street,mid_block
east_42nd_street_047,OK,Tx_tS7rHF9BF5OioeppR5A,2026-04,40.74881066692696,-73.96988176792465,4,2026,True,east_42nd_street,mid_block
east_42nd_street_048,OK,Knaf1qYcqkmuT3dquz8CQA,2022-07,40.74868178519478,-73.96965272437296,7,2022,False,east_42nd_street,mid_block
lexington_avenue_001,OK,3qXV_ebiOkxVN1TwoXAayg,2026-04,40.74638389400145,-73.97975486428865,4,2026,True,lexington_avenue,avenue
lexington_avenue_002,OK,L4lHYt1rr-AAdPaOhV2N6g,2026-04,40.74654832099142,-73.97963012538979,4,2026,True,lexington_avenue,avenue
lexington_avenue_003,OK,kcwr9bFeAnOjYKWv44f5iw,2026-04,40.74670515750043,-73.97950502770686,4,2026,True,lexington_avenue,avenue
lexington_avenue_004,OK,g0O4vqL2Y7BHHstWJ-g43g,2026-04,40.74686100658226,-73.9793830685971,4,2026,True,lexington_avenue,avenue
lexington_avenue_005,OK,Pca_c5E00Uh5n3FLbeB2Gg,2026-04,40.74701907475582,-73.979265593205,4,2026,True,lexington_avenue,avenue
lexington_avenue_006,OK,oMgcqGZ9smvUIqZRGSHeRg,2026-04,40.74718002878721,-73.97915304991852,4,2026,True,lexington_avenue,avenue
lexington_avenue_007,OK,nSHZwBiGFhE6UL7wQEQlQw,2026-04,40.7473490017987,-73.9790290280373,4,2026,True,lexington_avenue,avenue
lexington_avenue_008,OK,iq3sn94G3VM4ea6c-IDZ4g,2026-04,40.74750993152762,-73.97891101437249,4,2026,True,lexington_avenue,avenue
lexington_avenue_009,OK,jbMth03q1joo3QNQ1o2w0Q,2026-04,40.74759300563954,-73.97884994496279,4,2026,True,lexington_avenue,avenue
lexington_avenue_010,OK,6jO9dP_sGtKNg81KV1mOcw,2026-04,40.74776081428303,-73.9787357872624,4,2026,True,lexington_avenue,avenue
lexington_avenue_011,OK,Vt3N9Hn27CbOjrCBBqndkA,2026-04,40.74792088288054,-73.97862180884663,4,2026,True,lexington_avenue,avenue
lexington_avenue_012,OK,v1Cbp39WU6PMRRw_DMDmBg,2026-04,40.74808181212922,-73.97850487104694,4,2026,True,lexington_avenue,avenue
lexington_avenue_013,OK,6v4mi_poeq2vuU9xWPn1tg,2026-04,40.74824297955907,-73.97838802285244,4,2026,True,lexington_avenue,avenue
lexington_avenue_014,OK,pye5Ty8QS85oI4lkxJU9UQ,2026-04,40.74840542120793,-73.97827431325963,4,2026,True,lexington_avenue,avenue
lexington_avenue_015,OK,iOz4S2ypqI7sZ7jpN3QRWg,2026-04,40.74856708740624,-73.97815620945521,4,2026,True,lexington_avenue,avenue
lexington_avenue_016,OK,C5nnvbkO4CDIm2eg-EyNRQ,2026-04,40.74872835151357,-73.97803846428415,4,2026,True,lexington_avenue,avenue
lexington_avenue_017,OK,M85v_MAOD1YdWs52ZQLREg,2026-04,40.74889357971851,-73.97791784939211,4,2026,True,lexington_avenue,avenue
lexington_avenue_018,OK,ELGtaRPhHJz_gvJhCvuzww,2026-04,40.74905580861996,-73.97779947633903,4,2026,True,lexington_avenue,avenue
lexington_avenue_019,OK,0U_YL4BqLT6PCQoCPUQp3g,2026-04,40.74921419732074,-73.97768379351221,4,2026,True,lexington_avenue,avenue
lexington_avenue_020,OK,WYyorQeJhw5eZOPDmyLoXw,2026-04,40.74937095440248,-73.97756936608947,4,2026,True,lexington_avenue,avenue
lexington_avenue_021,OK,kOJmCPU6jeyhiUX5eTNCoQ,2026-04,40.74953235298041,-73.97745153088236,4,2026,True,lexington_avenue,avenue
lexington_avenue_022,OK,CjMg2Wi60qaj-fLgkYM4Ug,2026-04,40.74969627157209,-73.97733127432946,4,2026,True,lexington_avenue,avenue
lexington_avenue_023,OK,V6TZu_4-h7cnwZoYNVm4tg,2026-04,40.74986509487996,-73.97720734095014,4,2026,True,lexington_avenue,avenue
lexington_avenue_024,OK,fZUi2xh3a0VDfWCpxiqwNQ,2026-04,40.75003267718113,-73.97708529070624,4,2026,True,lexington_avenue,avenue
lexington_avenue_025,OK,wirGGI_nltRT_ObxW-5AEQ,2026-04,40.7501303640341,-73.97701462528347,4,2026,True,lexington_avenue,avenue
lexington_avenue_026,OK,g1TIRMFNxyyDk1MJ4CJ2Jg,2026-04,40.75029315845549,-73.97689921101559,4,2026,True,lexington_avenue,avenue
lexington_avenue_027,OK,6pGkWXfDNO6dkE2MGY3ayA,2026-04,40.75045144916687,-73.97678765279186,4,2026,True,lexington_avenue,avenue
lexington_avenue_028,OK,NNffdzYe-9uIGFdQfBhLnA,2026-04,40.75061418710843,-73.97666972742873,4,2026,True,lexington_avenue,avenue
lexington_avenue_029,OK,LZaqgmmoVFhsYx7CIbcWUQ,2026-04,40.75077581906812,-73.97655198134764,4,2026,True,lexington_avenue,avenue
lexington_avenue_030,OK,Nx_CXrKvrwz3LUUFAaxzfQ,2026-04,40.75093934035477,-73.97643055842846,4,2026,True,lexington_avenue,avenue
lexington_avenue_031,OK,zt4UqpoPIi3yNvFM98jisg,2026-04,40.75110093162579,-73.97631200510548,4,2026,True,lexington_avenue,avenue
lexington_avenue_032,OK,LkQkeM9q_yCNkyL0eEFwVA,2026-04,40.75126000156587,-73.97619587299738,4,2026,True,lexington_avenue,avenue
lexington_avenue_033,OK,nbiARjK75-J-Bg87W7j8AA,2026-04,40.75141069493132,-73.97608180339903,4,2026,True,lexington_avenue,avenue
lexington_avenue_034,OK,s_OJW1xjZoASlIUekJAHUQ,2026-04,40.75156874120329,-73.97596324986114,4,2026,True,lexington_avenue,avenue
madison_avenue_001,OK,0pm5gYHMr2SK0UHVegI5PQ,2026-04,40.74769850731607,-73.98301687881697,4,2026,True,madison_avenue,avenue
madison_avenue_002,OK,1s8V7mnBoLuS23ExO1N1CQ,2026-04,40.74786640287769,-73.98289160399003,4,2026,True,madison_avenue,avenue
madison_avenue_003,OK,Xd6sgl0dEteQhsNqrQ492g,2026-04,40.7480313155767,-73.98277081279466,4,2026,True,madison_avenue,avenue
madison_avenue_004,OK,cXetDvVhf4fi-7uWiArQhA,2026-04,40.74819491074316,-73.98265136663814,4,2026,True,madison_avenue,avenue
madison_avenue_005,OK,Y2v2611i4bl2dZ6INw5XpA,2026-04,40.7483552430672,-73.98253443128986,4,2026,True,madison_avenue,avenue
madison_avenue_006,OK,2BvplyV8UsV0CKUVaj4LlA,2026-04,40.74852055594047,-73.98241381921882,4,2026,True,madison_avenue,avenue
madison_avenue_007,OK,ZByGY50ZuYl_Hx_RixghOQ,2026-04,40.74859965483149,-73.98235606887695,4,2026,True,madison_avenue,avenue
madison_avenue_008,OK,gvOxGY-QcFb96K9DATPyBg,2026-04,40.74883450392551,-73.98218470091251,4,2026,True,madison_avenue,avenue
madison_avenue_009,OK,lixmav_aQqPqRvASupnnXA,2026-04,40.7489920980849,-73.98206973812125,4,2026,True,madison_avenue,avenue
madison_avenue_010,OK,B8_YjTLlNoNFCo8Ilvez-Q,2026-04,40.74911326673409,-73.98198122927955,4,2026,True,madison_avenue,avenue
madison_avenue_011,OK,rwmrUclQdkQzqQh-DAVGig,2026-04,40.74927088414864,-73.98186590766784,4,2026,True,madison_avenue,avenue
madison_avenue_012,OK,JUjZ_V6A5MgqIwnqLHa2Zw,2026-04,40.74943200477688,-73.98174977891424,4,2026,True,madison_avenue,avenue
madison_avenue_013,OK,-D5xt9FuCuKtZXHidT_c7Q,2026-04,40.74959477915312,-73.98163149789539,4,2026,True,madison_avenue,avenue
madison_avenue_014,OK,dnIsJumb_MxR6PHL7X11HQ,2026-04,40.74975145538522,-73.98151115428217,4,2026,True,madison_avenue,avenue
madison_avenue_015,OK,M_nuCViyjL5VRz8PdnTuIg,2026-04,40.74990829072244,-73.98139565303855,4,2026,True,madison_avenue,avenue
madison_avenue_016,OK,1e95vMcfk8baami3T8E7zQ,2026-04,40.75007243762515,-73.98128015172551,4,2026,True,madison_avenue,avenue
madison_avenue_017,OK,D33lkilfylGWD7rU0B-8Pw,2026-04,40.75024068702433,-73.98116859604362,4,2026,True,madison_avenue,avenue
madison_avenue_018,OK,1_fWponcfc32C-bSUY1rFQ,2026-04,40.75041467484633,-73.9810422439109,4,2026,True,madison_avenue,avenue
madison_avenue_019,OK,MxscpxbTHKUpbMQsEDGIxw,2026-04,40.75049209846512,-73.98098440348177,4,2026,True,madison_avenue,avenue
madison_avenue_020,OK,Mvic7G0VY-IxUCmqW_VbhA,2026-04,40.75066587734506,-73.98085446422168,4,2026,True,madison_avenue,avenue
madison_avenue_021,OK,hR-EQb2DbV4GFp0mDNiN-Q,2026-04,40.75082328332294,-73.98073716907918,4,2026,True,madison_avenue,avenue
madison_avenue_022,OK,sTB7LbyCqDIaAaC3Zap46A,2026-04,40.75098243918318,-73.98062211574677,4,2026,True,madison_avenue,avenue
madison_avenue_023,OK,sTvGhV0WnB-GA5sReTsE3Q,2026-04,40.75114277601581,-73.98050742104677,4,2026,True,madison_avenue,avenue
madison_avenue_024,OK,NyHAATmzSw0Rz35p3uIpPQ,2026-04,40.75130046711192,-73.98039586491637,4,2026,True,madison_avenue,avenue
madison_avenue_025,OK,4kqh3wdHzdtIeU6ZTEFQDQ,2026-04,40.75147705004604,-73.98026924324942,4,2026,True,madison_avenue,avenue
madison_avenue_026,OK,gWCk8RaHAzWAxRbejrpn8w,2026-04,40.75161168305657,-73.98016306750972,4,2026,True,madison_avenue,avenue
madison_avenue_027,OK,R2D66FWvihTJCVVHGNx8Aw,2026-04,40.75176949900843,-73.9800455029187,4,2026,True,madison_avenue,avenue
madison_avenue_028,OK,F-8wFYqsK1Yp7DT3ns6CRg,2026-04,40.75192948454483,-73.97992623441957,4,2026,True,madison_avenue,avenue
madison_avenue_029,OK,kHna0nnlLbd9n7o3qYvMnA,2026-04,40.7520909112922,-73.97980544136044,4,2026,True,madison_avenue,avenue
madison_avenue_030,OK,h8Xalkle41XwQgLbGFfqsA,2026-04,40.7522538260918,-73.97968133022435,4,2026,True,madison_avenue,avenue
madison_avenue_031,OK,KFv2fZjQmDIh4wvukP2p9A,2026-04,40.75241665864193,-73.97956726269334,4,2026,True,madison_avenue,avenue
madison_avenue_032,OK,iMIeg9HBeMQ84nuSRPEWlA,2026-04,40.75258370769886,-73.97945104287517,4,2026,True,madison_avenue,avenue
madison_avenue_033,OK,0gCuezC_DVG5q0tvFUHzYg,2026-04,40.75274192229978,-73.97934056224214,4,2026,True,madison_avenue,avenue
madison_avenue_034,OK,wqKJbzOKsegxz0A2RET4gQ,2026-04,40.7528845566241,-73.97924936186655,4,2026,True,madison_avenue,avenue
tudor_city_place_001,OK,qQE2Fc8kEFK1DyNq3Vq8xw,2021-05,40.74798863479582,-73.97128857721815,5,2021,False,tudor_city_place,mid_block
tudor_city_place_002,OK,16XK7dWFDYfHneEdmKmrBg,2021-05,40.74813569735029,-73.9711738769536,5,2021,False,tudor_city_place,mid_block
tudor_city_place_003,OK,dBK3wbHpBYkDsE8v5_resA,2021-05,40.7482841140767,-73.97105810046405,5,2021,False,tudor_city_place,mid_block
tudor_city_place_004,OK,BbTm7q5sDV9IyO3uoEYIrA,2026-04,40.74843875414317,-73.97092564346536,4,2026,True,tudor_city_place,mid_block
tudor_city_place_005,OK,EVXIEBaWPRXCTftXY_PA5Q,2026-04,40.74901143456908,-73.97050271312915,4,2026,True,tudor_city_place,mid_block
tudor_city_place_006,OK,vv7pbkNvNaXRwrk24rHv6g,2026-04,40.74884911434333,-73.97061929707199,4,2026,True,tudor_city_place,mid_block
tudor_city_place_007,OK,fCh1f_neXfy3b9ps_PBv6A,2026-04,40.74868487378253,-73.97073722614235,4,2026,True,tudor_city_place,mid_block
tudor_city_place_008,OK,Z5KcQlZBHMCtvkQrjWWaEA,2026-04,40.74920519375645,-73.97036335038489,4,2026,True,tudor_city_place,mid_block
tudor_city_place_009,OK,maoUAmqcfVdJE5hDX_9uUA,2026-04,40.74852322950412,-73.97085327186429,4,2026,True,tudor_city_place,mid_block
